FISCAL_YEAR,MONTH,YEAR,SHIPMENT_INVC_DATE,CARRIER,PO,SHIPMENT_REF,PRO_INV,SHIPMENT_VOUCHER_ID,VENDOR,VENDOR_INV,PO_VOUCHER_ID,PO_INVC_DATE,PO,ITEM_ID,FREIGHT_TOTAL,PO_ID,TOTAL_QTY_PAID,QTY,UNIT_PRICE,STK_PUR_RATIO,FREIGHT_STK_PUR,MATERIAL_COST,OUTSIDE_COST,TCM_OUT,FRT_VS_OUTSIDE_COST,ACCT_ID
2021,6,2021,6/8/2021,20492,102557,102557,3118214,215242,20100,688227,215166,6/3/2021,102557,LA27,142.65,102557,3560,3560,1.82,0.1214,0.04,0.3301,0.33,0.3286,0.0014,5046
2021,6,2021,6/8/2021,20492,102550,102550WI12 UC35,3115617,215241,2023,532951,215207,6/1/2021,102550,UC35,73.9,102550,96,48,5.74,1,1.54,0.7698,1.54,0.85,0.69,5046
2021,6,2021,6/8/2021,20492,102550,102550WI12 UC35,3115617,215241,2023,532951,215207,6/1/2021,102550,WI12,73.9,102550,96,48,2.14,1,1.54,0.7698,1.54,0.3796,1.1604,5046
2021,5,2021,5/28/2021,20492,101853,101853 ZM248,3105422,215033,8067,51284,215156,5/27/2021,101853,ZM248,145.91,101853,50,50,349,1,2.92,2.9182,2.92,2.7304,0.1896,5046
2021,5,2021,5/28/2021,21368,101944,101944 VK05,17061431,215035,27228,INV00410801,215313,5/27/2021,101944,VK05,2220,101944,20800,20800,0.62,1,0.11,0.1067,0.11,0.0828,0.0272,5046
2021,5,2021,5/28/2021,21368,101944,101944 VK05,17061431,215035,27228,INV00410733,215171,5/26/2021,101944,VK05,2220,101944,83200,20800,0.62,1,0.11,0.0267,0.11,0.0828,0.0272,5046
2021,5,2021,6/8/2021,1145,102392,102392,1220029,215235,1068,311600,214988,5/26/2021,102392,LR03,1295,102392,52350,5403,1.06,0.1067,0.02,0.2318,0.23,1.5,-1.27,5046
2021,5,2021,6/8/2021,1145,102392,102392,1220029,215235,1068,311600,214988,5/26/2021,102392,VE50,1295,102392,52350,1525,0,1,0.02,0.0247,0.02,0.16,-0.14,5046
2021,5,2021,6/8/2021,1145,102392,102392,1220029,215235,1068,311600,214988,5/26/2021,102392,WK76,1295,102392,52350,1233,0,1,0.02,0.0247,0.02,0.004,0.016,5046
2021,5,2021,6/8/2021,1145,102392,102392,1220029,215235,1068,311600,214988,5/26/2021,102392,WM121,1295,102392,69740,69740,0.48,1,0.02,0.0186,0.02,0,0.02,5046
2021,5,2021,6/8/2021,1145,102392,102392,1220029,215235,1068,311600,214988,5/26/2021,102392,WM144,1295,102392,69740,52350,0.48,1,0.02,0.0186,0.02,0.021,-0.001,5046
2021,5,2021,6/8/2021,1145,102392,102392,1220029,215235,1068,311600,214988,5/26/2021,102392,ZO1123,1295,102392,1525,500,0,1,0.85,0.8492,0.85,0.0165,0.8335,5046
2021,5,2021,6/4/2021,20492,102526,102526UC20 TC08,3107887,215136,2023,531726,214986,5/26/2021,102526,TC08,158.06,102526,105,48,30.99,1,1.51,1.5053,1.51,0.2231,1.2869,5046
2021,5,2021,6/4/2021,20492,102526,102526UC20 TC08,3107887,215136,2023,531726,214986,5/26/2021,102526,UC20,158.06,102526,105,105,11.04,1,1.51,1.5053,1.51,0.9331,0.5769,5046
2021,5,2021,6/8/2021,1257,100925,100925 VA21,6354501,215236,18001,16275,214997,5/25/2021,100925,VA21,1465,100925,5760,5760,5.72,1,0.25,0.2543,0.25,0.2257,0.0243,5046
2021,5,2021,6/4/2021,20492,102484,102484 LA52,3103766,215135,20440,91209130,215004,5/25/2021,102484,LA52,73.9,102484,840,840,1.44,0.1206,0.09,0.7295,0.73,0.7024,0.0276,5046
2021,5,2021,5/28/2021,21368,101944,101944 VK05,17061431,215035,27228,INV00410610,215170,5/24/2021,101944,VK05,2220,101944,83200,20800,0.62,1,0.11,0.0267,0.11,0.0828,0.0272,5046
2021,5,2021,5/28/2021,20492,102072,102072 LC08,3101751,215034,20440,91208791,215080,5/24/2021,102072,LC08,73.85,102072,400,400,5.82,0.1316,0.18,1.4029,1.4,1.3577,0.0423,5046
2021,5,2021,5/26/2021,20492,102429,102429LA27 LA32,3095604,214917,20100,687634,214852,5/20/2021,102429,LA27,142.55,102429,3560,3560,1.82,0.1214,0.04,0.3298,0.33,0.3286,0.0014,5046
2021,5,2021,5/26/2021,20492,102429,102429LA27 LA32,3095604,214917,20100,687634,214852,5/20/2021,102429,LA32,142.55,102429,3560,830,2.86,0.1294,0.04,0.3094,0.31,0.4433,-0.1333,5046
2021,5,2021,5/26/2021,20492,102462,102462LA18 LD35,3098192,214919,20100,687788,214850,5/20/2021,102462,LA18,73.85,102462,900,450,2.79,0.1189,0.16,0.6901,1.38,0.4824,0.8976,5046
2021,5,2021,5/26/2021,20492,102462,102462LA18 LD35,3098192,214919,20100,687788,214850,5/20/2021,102462,LD35,73.85,102462,900,450,2.85,0.1127,0.16,0.7281,1.46,0.4761,0.9839,5046
2021,5,2021,6/8/2021,27230,102154,"102,154,102,338",815239972,215247,6151,90054513,214921,5/19/2021,102154,PE01,145.35,102154,55,55,43.09,427.2009,2.64,0.0062,0.01,0,0.01,5046
2021,5,2021,6/8/2021,27230,102154,"102,154,102,338",815239972,215247,6151,90054513,214921,5/19/2021,102154,PE02,145.35,102154,77,77,33.07,468.4406,1.89,0.004,0,0,0,5046
2021,5,2021,5/28/2021,1552,102201,102201 LD11,7110250733,215022,7184,602261,215371,5/19/2021,102201,LD11,150,102201,1322,1322,1.52,0.1155,0.11,0.9824,0.98,1.0982,-0.1182,5046
2021,5,2021,5/28/2021,21368,101944,101944 VK05,17061431,215035,27228,INV00410370,215001,5/18/2021,101944,VK05,2220,101944,83200,20800,0.62,1,0.11,0.0267,0.11,0.0828,0.0272,5046
2021,5,2021,5/20/2021,20492,102359,102359 LB50,3080884,214698,24043,178865,214867,5/18/2021,102359,LB50,141.9,102359,4410,4410,0.93,0.1136,0.03,0.2832,0.28,0.1986,0.0814,5046
2021,5,2021,5/20/2021,20492,102386,102386 LD10,3086996,214703,24043,178864,214868,5/18/2021,102386,LD10,81.29,102386,1800,1800,1.37,0.1153,0.05,0.3917,0.39,0.3637,0.0263,5046
2021,5,2021,5/21/2021,20492,102414,102414LB50 LA16,3090861,214757,24043,178861,214869,5/18/2021,102414,LA16,241.03,102414,8376,8376,1.46,0.1212,0.03,0.2374,0.24,0.1861,0.0539,5046
2021,5,2021,5/21/2021,20492,102414,102414LB50 LA16,3090861,214757,24043,178861,214869,5/18/2021,102414,LB50,241.03,102414,8376,2205,0.93,0.1136,0.03,0.2533,0.25,0.1986,0.0514,5046
2021,5,2021,6/8/2021,1004,101167,101167 WK62,19247032,215234,27228,INV00410338,214863,5/14/2021,101167,WK62,154.47,101167,250000,250000,0.04,1,0,0.0006,0,0.0003,-0.0003,5046
2021,5,2021,6/4/2021,1552,102365,102365 LS14,8461211290,215128,22172,90861449,214821,5/14/2021,102365,LS14,344.06,102365,1800,1800,1.39,0.1199,0.19,1.5942,1.59,1.1909,0.3991,5046
2021,5,2021,5/14/2021,1552,102143,102143LV20 LV01,7584401226,214540,15365,60252167,214872,5/12/2021,102143,LV20,310.94,102143,110,110,8.87,0.1114,2.83,25.3746,25.37,3.4227,21.9473,5046
2021,5,2021,5/28/2021,21368,101944,101944 VK05,17061431,215035,27228,INV00410339,214862,5/11/2021,101944,VK05,2220,101944,20800,20800,0.62,1,0.11,0.1067,0.11,0.0828,0.0272,5046
2021,5,2021,5/20/2021,20492,102247,102247 LA52,3076882,214694,20440,91206062,214679,5/11/2021,102247,LA52,73.53,102247,840,840,1.44,0.1206,0.09,0.7258,0.73,0.7024,0.0276,5046
2021,5,2021,5/20/2021,20492,102247,102247 LA52,3076882,214694,20440,91206062,214679,5/11/2021,102247,LC08,73.53,102247,400,400,5.82,0.1316,0.18,1.3968,1.4,1.3577,0.0423,5046
2021,5,2021,6/4/2021,27230,102149,"102,149,102,276",555991656,215143,9227,60661,214715,5/10/2021,102149,PD54,145.35,102149,25,25,10.8,473.125,5.81,0.0123,0.01,0.002,0.008,5046
2021,5,2021,5/14/2021,20492,102350,102350LA27 LA18,3078229,214568,20100,687210,214604,5/10/2021,102350,LA18,141.75,102350,900,900,2.51,0.1189,0.16,1.3246,1.32,0.4824,0.8376,5046
2021,5,2021,5/14/2021,20492,102350,102350LA27 LA18,3078229,214568,20100,687210,214604,5/10/2021,102350,LA27,141.75,102350,3560,3560,1.67,0.1214,0.04,0.328,0.33,0.3286,0.0014,5046
2021,5,2021,5/20/2021,20492,102359,102359 LB50,3080884,214698,24043,178682,214628,5/10/2021,102359,LA61,141.9,102359,11000,11000,1.27,0.1188,0.01,0.1086,0.11,0.1358,-0.0258,5046
2021,5,2021,6/4/2021,1004,102274,102274,20934922,215125,9174,77896,214714,5/7/2021,102274,LR75,198.26,102274,550,475,1.66,0.1103,0.36,3.2681,3.27,1.0994,2.1706,5046
2021,5,2021,6/4/2021,1004,102274,102274,20934922,215125,9174,77896,214714,5/7/2021,102274,LR78,198.26,102274,550,550,1.2,0.0902,0.36,3.9964,4,1.181,2.819,5046
2021,5,2021,6/4/2021,1004,102274,102274,20934922,215125,9174,77896,214714,5/7/2021,102274,LW59,198.26,102274,550,441,6.6,0.1142,0.36,3.1565,3.16,1.23,1.93,5046
2021,5,2021,6/4/2021,1004,102274,102274,20934922,215125,9174,77896,214714,5/7/2021,102274,LW73,198.26,102274,550,460,2.38,0.1119,0.36,3.2214,3.22,1.0185,2.2015,5046
2021,5,2021,5/28/2021,1004,101546,101546LW76 LD10,22051002,215052,4059,INV107674,214487,5/6/2021,101546,LD70,183.72,101546,900,450,3.71,0.1199,0.2,1.7025,1.7,2.1277,-0.4277,5046
2021,5,2021,5/28/2021,1004,101546,101546LW76 LD10,22051002,215052,4059,INV107674,214487,5/6/2021,101546,LW76,183.72,101546,900,900,3.45,0.1224,0.2,1.6678,1.67,1.0448,0.6252,5046
2021,5,2021,5/14/2021,20492,102037,102037VA12 VC05,3071735,214565,27082,2014420-70,214437,5/6/2021,102037,VA12,550,102037,1152,756,0.79,1,0.48,0.4774,0.48,0.2866,0.1934,5046
2021,5,2021,5/14/2021,20492,102037,102037VA12 VC05,3071735,214565,27082,2014420-70,214437,5/6/2021,102037,VC05,550,102037,1152,1152,0.5,1,0.48,0.4774,0.48,0.67,-0.19,5046
2021,5,2021,5/26/2021,27230,102152,102152 SB97,950755256,214931,20440,91205194,214613,5/6/2021,102152,SB97,89.96,102152,1653,1653,5.88,1,0.05,0.0544,0.05,0.0463,0.0037,5046
2021,5,2021,5/14/2021,20492,102262,102262 LD10,3071037,214558,24043,178609,214465,5/6/2021,102262,LD10,81.05,102262,1800,1800,1.37,0.1153,0.05,0.3905,0.39,0.3637,0.0263,5046
2021,5,2021,5/14/2021,20492,102322,102322 UC09,3073304,214564,2023,526054,214435,5/6/2021,102322,UC09,101.25,102322,112,112,8.94,1,0.9,0.904,0.9,0.8993,0.0007,5046
2021,5,2021,5/28/2021,1004,102204,102204 LR74,18513101,215017,20309,1540558,214605,5/4/2021,102204,LR74,221.5,102204,1575,1575,0.78,0.096,0.14,1.4649,1.46,0.8103,0.6497,5046
2021,5,2021,5/14/2021,20492,102264,102264 LB03,3067128,214553,20440,91204585,214362,5/4/2021,102264,LB03,141.47,102264,3600,3600,0.81,0.1163,0.04,0.3379,0.34,0.61,-0.27,5046
2021,5,2021,5/20/2021,1552,102275,102275 DB07,8090433083,214687,4282,300200249,214353,5/4/2021,102275,DB07,149.64,102275,100,100,5.45,454,1.5,0.0033,0,0.0026,-0.0026,5046
2021,5,2021,5/20/2021,1145,102141,102141 VG93,1214632,214685,27228,INV11410104,214617,5/3/2021,102141,VG93,1575,102141,47740,47740,0.33,1,0.03,0.033,0.03,0.0337,-0.0037,5046
2021,5,2021,5/20/2021,1145,102141,102141 VG93,1214632,214685,27228,INV00410104,215003,5/3/2021,102141,VG93,1575,102141,47740,47740,0.33,1,0.03,0.033,0.03,0.0337,-0.0037,5046
2021,5,2021,5/7/2021,20492,102288,102288LW89 LW78,3068196,214402,22380,42443,214446,5/3/2021,102288,LW78,90.61,102288,1350,450,3.11,0.1205,0.07,0.557,0.56,0.6164,-0.0564,5046
2021,5,2021,5/7/2021,20492,102288,102288LW89 LW78,3068196,214402,22380,42443,214446,5/3/2021,102288,LW89,90.61,102288,450,1350,2.86,0.1199,0.2,1.6794,1.68,0.3996,1.2804,5046
2021,5,2021,5/28/2021,1004,102297,102297 WM82,15069724,215016,20887,30891,214615,5/3/2021,102297,WM82,167.82,102297,40000,40000,0.1,1,0,0.0042,0,0.0059,-0.0059,5046
2021,4,2021,5/3/2021,1145,101813,101813 VK78,1212293,214221,27228,INV00409726,214367,4/30/2021,101813,VK78,1525,101813,22176,22176,0.47,1,0.07,0.0688,0.07,0.07,0,5046
2021,4,2021,5/7/2021,20492,102230,102230 LA18,3064333,214399,20100,686765,214310,4/30/2021,102230,LA18,73.2,102230,900,900,2.64,0.1189,0.08,0.684,0.68,0.4824,0.1976,5046
2021,4,2021,5/7/2021,20492,102251,102251 UC20,3064060,214400,2023,524406,214285,4/30/2021,102251,UC20,93.56,102251,105,105,10.81,1,0.89,0.891,0.89,0.9331,-0.0431,5046
2021,4,2021,5/3/2021,1145,101813,101813 VK78,1212293,214221,27228,INV00409531,214318,4/29/2021,101813,VK78,1525,101813,22176,22176,0.47,1,0.07,0.0688,0.07,0.07,0,5046
2021,4,2021,5/14/2021,1145,101813,101813 VK78,1213206,214535,27228,INV00409614,214368,4/29/2021,101813,VK78,1525,101813,22176,22176,0.47,1,0.07,0.0688,0.07,0.07,0,5046
2021,4,2021,5/7/2021,1552,102201,102201LA62LD11,8090528714,214387,7184,601153,214291,4/29/2021,102201,LA62,262.09,102201,3792,3792,1.18,0.1076,0.07,0.6423,0.64,0.0392,0.6008,5046
2021,4,2021,5/7/2021,1552,102201,102201LA62LD11,8090528714,214387,7184,601153,214291,4/29/2021,102201,LD11,262.09,102201,3792,441,1.48,0.1155,0.07,0.5984,0.6,1.0982,-0.4982,5046
2021,4,2021,5/3/2021,20492,102170,102170 LA27LA18,3053846,214235,20100,686504,214172,4/26/2021,102170,LA18,119.66,102170,1780,900,2.57,0.1189,0.07,0.5654,0.57,0.4824,0.0876,5046
2021,4,2021,5/3/2021,20492,102170,102170 LA27LA18,3053846,214235,20100,686504,214172,4/26/2021,102170,LA27,119.66,102170,1780,1780,1.67,0.1214,0.07,0.5537,0.55,0.3286,0.2214,5046
2021,4,2021,5/3/2021,20492,101963,101963 VG01,3048700,214234,1565,3786,214150,4/22/2021,101963,VG01,588.24,101963,14976,14976,0.23,1,0.04,0.0393,0.04,0.0184,0.0216,5046
2021,4,2021,4/23/2021,20492,102118,102118LA70 LW89,3041252,213968,22380,42366,214033,4/22/2021,102118,LA70,90.61,102118,1350,500,2.3,0.1052,0.07,0.638,0.64,0.4445,0.1955,5046
2021,4,2021,4/23/2021,20492,102118,102118LA70 LW89,3041252,213968,22380,42366,214033,4/22/2021,102118,LW89,90.61,102118,1350,1350,2.86,0.1199,0.07,0.5598,0.56,0.3996,0.1604,5046
2021,4,2021,5/14/2021,1552,102143,102143LV20 LV01,7584401226,214540,15365,60251386,214296,4/22/2021,102143,LV01,310.94,102143,55,55,19.3,0.1075,5.65,52.5903,52.59,3.5469,49.0431,5046
2021,4,2021,5/14/2021,1552,102143,102143LV20 LV01,7584401226,214540,15365,60251386,214296,4/22/2021,102143,LV20,310.94,102143,330,330,8.87,0.1114,0.94,8.4582,8.46,3.4227,5.0373,5046
2021,4,2021,5/3/2021,1145,101813,101813 VK78,1211928,214220,27228,INV00409247,214177,4/21/2021,101813,VK78,1525,101813,88704,22176,0.47,1,0.07,0.0172,0.07,0.07,0,5046
2021,4,2021,5/3/2021,1145,101813,101813 VK78,1212293,214221,27228,INV00409392,214179,4/21/2021,101813,VK78,1525,101813,88704,22176,0.47,1,0.07,0.0172,0.07,0.07,0,5046
2021,4,2021,5/3/2021,1145,101813,101813 VK78,1211928,214220,27228,INV00409455,214316,4/21/2021,101813,VK78,1525,101813,22176,22176,0.47,1,0.07,0.0688,0.07,0.07,0,5046
2021,4,2021,5/3/2021,1145,101813,101813 VK78,1211928,214220,27228,INV00409101,214028,4/20/2021,101813,VK78,1525,101813,22176,22176,0.47,1,0.07,0.0688,0.07,0.07,0,5046
2021,4,2021,5/3/2021,1552,102140,102140 WA07,8920695685,214224,1072,28575,214278,4/20/2021,102140,WA07,255.47,102140,6000,6000,0.15,1,0.04,0.0426,0.04,0.0395,0.0005,5046
2021,4,2021,4/28/2021,20492,101974,1019745390PIO03,3043883,214067,15400,511638,213926,4/19/2021,101974,5390PIO030,104.85,101974,85,85,17.98,1,1.23,1.2335,1.23,1.1705,0.0595,5046
2021,4,2021,4/23/2021,20492,101865,"101865, 101846",3038899,213966,2023,520396,213875,4/16/2021,101865,TC08,145.7,101865,48,48,29.07,1,3.04,3.0354,3.04,0.2231,2.8169,5046
2021,4,2021,5/3/2021,1552,102064,102064 LD11,8090519636,214223,7184,600442,213832,4/16/2021,102064,LD11,223.37,102064,1764,1764,1.48,0.1155,0.13,1.0963,1.1,1.0982,0.0018,5046
2021,4,2021,4/23/2021,20492,102071,"102071UC09,UC04",3039621,213967,2023,520398,213826,4/16/2021,102071,UC04,121.28,102071,36,36,9.93,1,3.37,3.3689,3.37,1.9644,1.4056,5046
2021,4,2021,4/23/2021,20492,102071,"102071UC09,UC04",3039621,213967,2023,520398,213826,4/16/2021,102071,UC09,121.28,102071,36,112,8.94,1,3.37,3.3689,3.37,0.8993,2.4707,5046
2021,4,2021,5/7/2021,1004,102073,102073,20952839,214379,19802,9650881,214312,4/16/2021,102073,LA14,520.34,102073,4800,4800,2.02,0.1208,0.11,0.8974,0.9,0.8952,0.0048,5046
2021,4,2021,4/23/2021,20492,102075,102075 LB50,3037285,213965,24043,178202,213873,4/16/2021,102075,LB50,141.25,102075,4410,4410,0.93,0.1136,0.03,0.2819,0.28,0.1986,0.0814,5046
2021,4,2021,4/28/2021,1145,101958,101958,1210944,214050,20887,30666,213869,4/15/2021,101958,VG12,1635,101958,51000,51000,0.33,1,0.03,0.0321,0.03,0.0263,0.0037,5046
2021,4,2021,5/7/2021,1004,102014,102014LR757873,20945849,214378,9174,77642,214005,4/14/2021,102014,LR75,183.92,102014,550,475,1.66,0.1103,0.33,3.0317,3.03,1.0994,1.9306,5046
2021,4,2021,5/7/2021,1004,102014,102014LR757873,20945849,214378,9174,77642,214005,4/14/2021,102014,LR78,183.92,102014,460,550,1.2,0.0902,0.4,4.4327,4.43,1.181,3.249,5046
2021,4,2021,5/7/2021,1004,102014,102014LR757873,20945849,214378,9174,77642,214005,4/14/2021,102014,LW73,183.92,102014,550,460,2.38,0.1119,0.33,2.9884,2.99,1.0185,1.9715,5046
2021,4,2021,4/23/2021,20492,102063,102063 LB50,3034605,213963,24043,178159,213874,4/14/2021,102063,LB50,93.84,102063,2205,2205,0.93,0.1136,0.04,0.3746,0.37,0.1986,0.1714,5046
2021,4,2021,5/7/2021,27230,102018,102018 LA52,990328231,214411,20440,91199552,213864,4/13/2021,102018,LA52,90.2,102018,840,840,1.37,0.1206,0.11,0.8904,0.89,0.7024,0.1876,5046
2021,4,2021,4/23/2021,1552,102020,102020 LA58,8090442220,213936,7184,600188,213781,4/13/2021,102020,LA58,270.58,102020,1896,1896,1.6,0.1016,0.14,1.4046,1.4,1.4057,-0.0057,5046
2021,4,2021,4/23/2021,1145,101166,101166,1210290,213928,27228,INV00408727,213795,4/12/2021,101166,VI35,1525,101166,495040,123760,0.32,1,0.01,0.0031,0.01,0.0214,-0.0114,5046
2021,4,2021,5/3/2021,1145,101166,101166 VI35,1209763,214219,27228,INV00408846,213867,4/12/2021,101166,VI35,1525,101166,495040,123760,0.32,1,0.01,0.0031,0.01,0.0214,-0.0114,5046
2021,4,2021,5/3/2021,1145,101166,101166 VI35,1210997,214218,27228,INV00408974,213868,4/12/2021,101166,VI35,1525,101166,106080,106080,0.32,1,0.01,0.0144,0.01,0.0214,-0.0114,5046
2021,4,2021,4/14/2021,20492,102004,102004 LB50,3023805,213729,24043,178017,213693,4/8/2021,102004,LB50,93.98,102004,2205,2205,0.85,0.1136,0.04,0.3752,0.38,0.1986,0.1814,5046
2021,4,2021,4/14/2021,20492,102005,102005 LA27,3024147,213728,20100,685710,213675,4/8/2021,102005,LA27,97.41,102005,1780,1780,1.67,0.1214,0.05,0.4508,0.45,0.3286,0.1214,5046
2021,4,2021,4/14/2021,20492,102005,102005 LA27,3024147,213728,20100,685710,213675,4/8/2021,102005,LD35,97.41,102005,1780,450,2.67,0.1127,0.05,0.4856,0.49,0.4761,0.0139,5046
2021,4,2021,4/23/2021,20492,102031,102031LW68 LW89,3026159,213962,22380,42284,213801,4/8/2021,102031,LW68,92.07,102031,1350,551,1.81,0.0923,0.07,0.7389,0.74,0.5191,0.2209,5046
2021,4,2021,4/23/2021,20492,102031,102031LW68 LW89,3026159,213962,22380,42284,213801,4/8/2021,102031,LW89,92.07,102031,1350,1350,2.86,0.1199,0.07,0.5688,0.57,0.3996,0.1704,5046
2021,4,2021,4/14/2021,20492,102007,102007 LW89,3021812,213727,22380,42241,213617,4/6/2021,102007,LA70,90.74,102007,500,500,2.3,0.1052,0.18,1.7251,1.73,0.4445,1.2855,5046
2021,4,2021,4/14/2021,20492,102007,102007 LW89,3021812,213727,22380,42241,213617,4/6/2021,102007,LW88,90.74,102007,900,450,2.21,0.1209,0.1,0.8339,0.83,0.3868,0.4432,5046
2021,4,2021,4/14/2021,20492,102007,102007 LW89,3021812,213727,22380,42241,213617,4/6/2021,102007,LW89,90.74,102007,900,900,2.86,0.1199,0.1,0.8409,0.84,0.3996,0.4404,5046
2021,4,2021,4/23/2021,1004,101168,101168 WK13,19247021,213933,27228,INV00408607,213682,4/5/2021,101168,WK13,295.58,101168,502500,502500,0.04,1,0,0.0006,0,0.0007,-0.0007,5046
2021,4,2021,4/9/2021,20492,101899,101899 PD56,3020021,213629,2060,I20-01681,213589,4/5/2021,101899,PD56,73.42,101899,400,400,10,470.77,0.18,0.0004,0,0.0004,-0.0004,5046
2021,4,2021,4/9/2021,20492,101949,101949LA32 LA18,3015531,213627,20100,685495,213545,4/5/2021,101949,LA18,73.42,101949,830,450,2.64,0.1189,0.09,0.744,0.74,0.4824,0.2576,5046
2021,4,2021,4/9/2021,20492,101949,101949LA32 LA18,3015531,213627,20100,685495,213545,4/5/2021,101949,LA32,73.42,101949,830,830,2.71,0.1294,0.09,0.6836,0.68,0.4433,0.2367,5046
2021,4,2021,4/23/2021,1004,101545,101545LW76 LW70,20673662,213932,4059,INV107572,213783,4/2/2021,101545,LD70,125.1,101545,900,450,3.71,0.1199,0.28,1.1593,2.32,2.1277,0.1923,5046
2021,4,2021,4/23/2021,1004,101545,101545LW76 LW70,20673662,213932,4059,INV107572,213783,4/2/2021,101545,LW76,125.1,101545,900,450,3.4,0.1224,0.28,1.1356,2.27,1.0448,1.2252,5046
2021,4,2021,4/9/2021,20492,101846,101846 UC30,3016030,213628,2023,516734,213527,4/2/2021,101846,UC30,136.12,101846,192,192,8.19,1,0.71,0.709,0.71,0.709,0.001,5046
2021,3,2021,4/5/2021,20492,101793,101793 LA32,3012464,213496,20100,684684,213546,3/31/2021,101793,LA32,81.17,101793,1660,1660,2.71,0.1294,0.05,0.3779,0.38,0.4433,-0.0633,5046
2021,3,2021,4/9/2021,1145,100924,100924 VA21,1206624,213622,18001,16141,213451,3/30/2021,100924,VA21,1300,100924,5760,5760,4.99,1,0.23,0.2257,0.23,0.2257,0.0043,5046
2021,3,2021,4/28/2021,1004,101245,101245 WM125,19738129,214053,20887,30429,213463,3/26/2021,101245,WM125,117,101245,40600,40600,0.05,1,0,0.0029,0,0.0019,-0.0019,5046
2021,3,2021,4/28/2021,1004,101761,101761 WK25,19738130,214054,20887,30428,213398,3/26/2021,101761,WK25,651.67,101761,297500,297500,0.06,1,0,0.0022,0,0.0042,-0.0042,5046
2021,3,2021,4/2/2021,20492,101913,101913,3005209,213444,22380,42175,213364,3/26/2021,101913,LW68,91.08,101913,551,551,1.81,0.0923,0.17,1.7909,1.79,0.5191,1.2709,5046
2021,3,2021,4/2/2021,20492,101913,101913,3005209,213444,22380,42175,213364,3/26/2021,101913,LW89,91.08,101913,1350,1350,2.86,0.1199,0.07,0.5627,0.56,0.3996,0.1604,5046
2021,3,2021,4/23/2021,13066,100287,"100,287,101,213",1101132,213939,3001,14-0063438,213654,3/25/2021,100287,WM119,3175,100287,130320,130320,0.42,1,0.02,0.0244,0.02,0,0.02,5046
2021,3,2021,4/2/2021,20492,101846,101846,2998036,213443,2023,514056,213150,3/24/2021,101846,TC08,132.75,101846,400,45,29.07,1,0.33,0.3319,0.33,0.2231,0.1069,5046
2021,3,2021,4/2/2021,20492,101846,101846,2998036,213443,2023,514056,213150,3/24/2021,101846,WQ10,132.75,101846,400,150,1.7,1,0.33,0.3319,0.33,0.2231,0.1069,5046
2021,3,2021,4/9/2021,20492,101846,101846 UC30,3016030,213628,2023,514056,213150,3/24/2021,101846,WQ11,136.12,101846,45,400,0.82,1,3.02,3.0249,3.02,0.2231,2.7969,5046
2021,3,2021,3/29/2021,20492,101859,101859,2991588,213178,24043,177695,213216,3/24/2021,101859,LA61,142.01,101859,8800,8800,1.27,0.1188,0.02,0.1358,0.14,0.1358,0.0042,5046
2021,3,2021,4/2/2021,20492,101883,101883 LI81,2997282,213442,20100,685033,213204,3/24/2021,101883,LI81,116.33,101883,2756,2756,1.04,0.0905,0.04,0.4664,0.47,0.466,0.004,5046
2021,3,2021,4/2/2021,1145,100923,100923 VA21,1204790,213426,18001,16121,213202,3/23/2021,100923,VA21,1300,100923,5568,5568,4.99,1,0.23,0.2335,0.23,0.2257,0.0043,5046
2021,3,2021,4/5/2021,17205,101706,101706 LA66,5030678274,213493,7184,599045,213160,3/23/2021,101706,LA66,183.56,101706,1720,1720,1.82,0.1185,0.11,0.9006,0.9,0.9006,-0.0006,5046
2021,3,2021,4/23/2021,1004,101709,101709 LV47,43737327,213929,2177,BT181421,213408,3/23/2021,101709,LV47,342.31,101709,2215,2215,1.91,0.1196,0.15,1.2922,1.29,0.6644,0.6256,5046
2021,3,2021,4/2/2021,3602,101620,101620VG60 VC10,15994026,213432,27082,2013971-70,213174,3/22/2021,101620,VC10,102.08,101620,936,378,0.8,1,0.11,0.1091,0.11,0.0777,0.0323,5046
2021,3,2021,4/2/2021,3602,101620,101620VG60 VC10,15994026,213432,27082,2013971-70,213174,3/22/2021,101620,VG60,102.08,101620,378,936,0.32,1,0.27,0.2701,0.27,0.0777,0.1923,5046
2021,3,2021,3/29/2021,20492,101851,101851LB50 LD10,2990440,213176,24043,177572,213099,3/19/2021,101851,LB50,130.22,101851,900,2205,0.85,0.1136,0.14,1.2737,1.27,0.1986,1.0714,5046
2021,3,2021,3/29/2021,20492,101851,101851LB50 LD10,2990440,213176,24043,177572,213099,3/19/2021,101851,LD10,130.22,101851,900,900,1.37,0.1153,0.14,1.2549,1.25,0.3637,0.8863,5046
2021,3,2021,3/29/2021,20492,101859,101859,2991588,213178,24043,177573,213098,3/19/2021,101859,LA61,142.01,101859,4400,4400,1.25,0.1188,0.03,0.2717,0.27,0.1358,0.1342,5046
2021,3,2021,3/19/2021,1145,100195,100195 VK78,1201173,212959,27228,INV00407677,213085,3/17/2021,100195,VK78,1525,100195,22176,22176,0.47,1,0.07,0.0688,0.07,0.07,0,5046
2021,3,2021,3/24/2021,20492,101817,"101817LB50,LA16",2984839,213118,24043,177509,213014,3/17/2021,101817,LA16,241.22,101817,4410,6282,1.46,0.1212,0.05,0.4513,0.45,0.1861,0.2639,5046
2021,3,2021,3/24/2021,20492,101817,"101817LB50,LA16",2984839,213118,24043,177509,213014,3/17/2021,101817,LB50,241.22,101817,6282,4410,0.85,0.1136,0.04,0.338,0.34,0.1986,0.1414,5046
2021,3,2021,3/24/2021,20492,101758,101758 PD25,2985961,213119,2060,I21-01360,212917,3/16/2021,101758,PD25,73.58,101758,100,100,8.75,456.0241,0.74,0.0016,0,0.0016,-0.0016,5046
2021,3,2021,4/5/2021,4046,101778,101778 LW05,597231548,213486,20100,684572,212995,3/16/2021,101778,LW05,113.34,101778,500,500,1.94,393.4511,0.23,0.0006,0,0.0006,-0.0006,5046
2021,3,2021,3/19/2021,1145,100195,100195 VK78,1201325,212957,27228,INV00407579,213000,3/15/2021,100195,VK78,1525,100195,22176,22176,0.47,1,0.07,0.0688,0.07,0.07,0,5046
2021,3,2021,3/19/2021,20492,101740,101740 TC07,2981940,212972,2023,512770,213025,3/15/2021,101740,TC07,162.25,101740,100,100,14.89,1,1.62,1.6225,1.62,1.6225,-0.0025,5046
2021,3,2021,3/19/2021,20492,101742,101742LA26 LA18,2977679,212969,20100,684438,212996,3/12/2021,101742,LA18,81.43,101742,1800,900,2.64,0.1189,0.09,0.3805,0.76,0.4824,0.2776,5046
2021,3,2021,3/19/2021,20492,101742,101742LA26 LA18,2977679,212969,20100,684438,212996,3/12/2021,101742,LA26,81.43,101742,1800,900,2.6,0.1202,0.09,0.3764,0.75,0.3764,0.3736,5046
2021,3,2021,3/19/2021,1145,100195,100195 VK78,1201173,212959,27228,INV00407524,212999,3/11/2021,100195,VK78,1525,100195,22176,22176,0.47,1,0.07,0.0688,0.07,0.07,0,5046
2021,3,2021,4/5/2021,1004,101443,101443 WK11,19738112,213482,20887,30248,213002,3/11/2021,101443,WK11,341.36,101443,90000,90000,0.05,1,0,0.0038,0,0.0038,-0.0038,5046
2021,3,2021,3/19/2021,20492,101452,101452 YC19,2976635,212971,17297,4625100,212990,3/11/2021,101452,YC19,75.76,101452,288,288,4.56,1,0.26,0.2631,0.26,0.7813,-0.5213,5046
2021,3,2021,3/29/2021,20492,101621,101621 VA11,2975485A,213175,17249,I0134325,212800,3/11/2021,101621,VA11,500,101621,6300,6300,2.1,1,0.08,0.0794,0.08,0.0794,0.0006,5046
2021,3,2021,3/17/2021,20492,101737,101737 LA27,2972664,212825,20100,684416,212785,3/10/2021,101737,LA27,141.47,101737,3560,3560,1.67,0.1214,0.04,0.3273,0.33,0.3286,0.0014,5046
2021,3,2021,3/24/2021,1145,100195,100195 VK78,1201975,213104,27228,INV00407374,212788,3/9/2021,100195,VK78,1525,100195,22176,22176,0.47,1,0.07,0.0688,0.07,0.07,0,5046
2021,3,2021,3/19/2021,1145,100195,100195 VK78,1201173,212959,27228,INV00407488,212998,3/9/2021,100195,VK78,1525,100195,88704,22176,0.47,1,0.07,0.0172,0.07,0.07,0,5046
2021,3,2021,3/17/2021,20492,101658,101658 LA102,2966599,212824,20440,91191614,212783,3/9/2021,101658,LA102,73.31,101658,450,450,1.57,0.1185,0.16,1.3748,1.37,1.3748,-0.0048,5046
2021,3,2021,3/24/2021,1145,100195,100195 VK78,1201975,213104,27228,INV00407609,213001,3/8/2021,100195,VK78,1525,100195,22176,22176,0.47,1,0.07,0.0688,0.07,0.07,0,5046
2021,3,2021,3/24/2021,3396,100229,100229 WK07,197-073962,213126,1565,3749,212952,3/8/2021,100229,WK07,148.83,100229,51000,51000,0.1,1,0,0.0029,0,0.0029,-0.0029,5046
2021,3,2021,3/19/2021,2200,101307,101307 VG32,137693A,212963,12551,73207680 RI,212909,3/8/2021,101307,VG32,1200,101307,49920,49920,0.24,1,0.02,0.024,0.02,0.024,-0.004,5046
2021,3,2021,3/17/2021,2006,100990,100990 VK06,1011889141,212807,12062,210312,212757,3/6/2021,100990,VK06,325,100990,12672,12672,0.72,1,0.03,0.0256,0.03,0.0256,0.0044,5046
2021,3,2021,3/17/2021,2006,100990,100990 VK06,1011889141,212807,12062,210308,212690,3/5/2021,100990,VK06,325,100990,12672,12672,0.72,1,0.03,0.0256,0.03,0.0256,0.0044,5046
2021,3,2021,3/12/2021,20492,101669,101669 LA27,2966914,212712,20100,684144,212620,3/5/2021,101669,LA27,140.71,101669,3560,3560,1.67,0.1214,0.04,0.3256,0.33,0.3286,0.0014,5046
2021,3,2021,3/12/2021,20492,101692,101692 LB72,2965233,212713,24043,177218,212621,3/5/2021,101692,LB72,72.93,101692,460,460,1.25,0.1149,0.16,1.3798,1.38,1.3798,0.0002,5046
2021,3,2021,4/2/2021,1004,101609,101609 LA14,20085047,213424,19802,9647512,212784,3/4/2021,101609,LA14,519.08,101609,4800,4800,2,0.1208,0.11,0.8952,0.9,0.8952,0.0048,5046
2021,3,2021,3/10/2021,20492,101655,101655 UC09,2964394,212686,2023,508547,212566,3/4/2021,101655,UC09,100.72,101655,224,112,8.54,1,0.9,0.4496,0.9,0.8993,0.0007,5046
2021,3,2021,3/10/2021,20492,101524,101524 TC08,2959914,212685,2023,508093,212593,3/3/2021,101524,TC08,100.72,101524,33,33,27.52,1,3.05,3.0521,3.05,0.2231,2.8269,5046
2021,3,2021,3/24/2021,1004,101628,101628LW77 LW73,21176957,213103,9174,77264,212618,3/3/2021,101628,LW73,214.27,101628,920,920,2.38,0.1119,0.23,2.0813,2.08,1.0185,1.0615,5046
2021,3,2021,3/24/2021,1004,101628,101628LW77 LW73,21176957,213103,9174,77264,212618,3/3/2021,101628,LW77,214.27,101628,960,960,1.6,0.1054,0.22,2.1176,2.12,1.0813,1.0387,5046
2021,3,2021,3/12/2021,20492,101659,101659 LD10,2960496,212711,24043,177165,212592,3/3/2021,101659,LD10,80.63,101659,1800,1800,1.37,0.1153,0.04,0.3885,0.39,0.3637,0.0263,5046
2021,3,2021,3/10/2021,20492,101524,101524 TC08,2959914,212685,2023,507305,212594,3/1/2021,101524,TC08,100.72,101524,15,15,27.52,1,6.71,6.7147,6.71,0.2231,6.4869,5046
2021,3,2021,3/24/2021,1004,101581,101581 LA14,18325942,213102,19802,9647385,212582,3/1/2021,101581,LA14,516.56,101581,4800,4800,2,0.1208,0.11,0.8909,0.89,0.8952,-0.0052,5046
2021,2,2021,3/5/2021,20492,101608,101608LA32 LA27,2953021,212554,20100,683832,212584,2/26/2021,101608,LA27,216.54,101608,830,3560,1.67,0.1214,0.26,2.149,2.15,0.3286,1.8214,5046
2021,2,2021,3/5/2021,20492,101608,101608LA32 LA27,2953021,212554,20100,683832,212584,2/26/2021,101608,LA32,216.54,101608,3560,830,2.71,0.1294,0.06,0.4701,0.47,0.4433,0.0267,5046
2021,2,2021,3/5/2021,20492,101608,101608LA32 LA27,2953021,212554,20100,683832,212584,2/26/2021,101608,LI81,216.54,101608,2756,2756,1.01,0.0905,0.08,0.8682,0.87,0.466,0.404,5046
2021,2,2021,3/3/2021,20492,101587,101587LC40LA18,2948307,212492,20100,683695,212340,2/24/2021,101587,LA18,72.43,101587,1350,450,2.64,0.1189,0.16,0.4512,1.35,0.4824,0.8676,5046
2021,2,2021,3/3/2021,20492,101587,101587LC40LA18,2948307,212492,20100,683695,212340,2/24/2021,101587,LC40,72.43,101587,1350,450,2.84,0.1109,0.16,0.4838,1.45,0.4838,0.9662,5046
2021,2,2021,3/3/2021,20492,101587,101587LC40LA18,2948307,212492,20100,683695,212340,2/24/2021,101587,LD35,72.43,101587,1350,450,2.77,0.1127,0.16,0.4761,1.43,0.4761,0.9539,5046
2021,2,2021,3/3/2021,20492,101601,101601 LD10,2948629,212491,24043,176988,212347,2/24/2021,101601,LD10,80.03,101601,1800,1800,1.37,0.1153,0.04,0.3856,0.39,0.3637,0.0263,5046
2021,2,2021,3/3/2021,1145,100195,100195 VK78,1195831,212485,27228,INV00406823,212342,2/23/2021,100195,VK78,1290,100195,22176,22176,0.47,1,0.06,0.0582,0.06,0.07,-0.01,5046
2021,2,2021,3/10/2021,20492,101524,101524 TC08,2959914,212685,2023,505533,212297,2/23/2021,101524,WQ10,100.72,101524,150,150,1.7,1,0.67,0.6715,0.67,0.2231,0.4469,5046
2021,2,2021,3/19/2021,1004,101532,101532LW73LR76.,21176815,212956,9174,77158,212454,2/23/2021,101532,LR76,207.73,101532,920,480,1.89,0.1091,0.23,2.0696,2.07,0.9764,1.0936,5046
2021,2,2021,3/19/2021,1004,101532,101532LW73LR76.,21176815,212956,9174,77158,212454,2/23/2021,101532,LR78,207.73,101532,920,550,1.2,0.0902,0.23,2.5033,2.5,1.181,1.319,5046
2021,2,2021,3/19/2021,1004,101532,101532LW73LR76.,21176815,212956,9174,77158,212454,2/23/2021,101532,LW73,207.73,101532,550,920,2.38,0.1119,0.38,3.3753,3.38,1.0185,2.3615,5046
2021,2,2021,3/5/2021,20492,101550,101550LC41 LA18,2945421,212552,20100,683573,212341,2/23/2021,101550,LA18,116.05,101550,450,450,2.57,0.1189,0.26,2.169,2.17,0.4824,1.6876,5046
2021,2,2021,3/5/2021,20492,101550,101550LC41 LA18,2945421,212552,20100,683573,212341,2/23/2021,101550,LA27,116.05,101550,450,1780,1.67,0.1214,0.26,2.1243,2.12,0.3286,1.7914,5046
2021,2,2021,3/5/2021,20492,101550,101550LC41 LA18,2945421,212552,20100,683573,212341,2/23/2021,101550,LC41,116.05,101550,450,414,3.14,0.1234,0.26,2.0899,2.09,0.3557,1.7343,5046
2021,2,2021,3/5/2021,2006,101564,101564 VG01,1011889882,212536,1565,3727,212302,2/23/2021,101564,VG01,275,101564,14976,14976,0.21,1,0.02,0.0184,0.02,0.0184,0.0016,5046
2021,2,2021,3/5/2021,20492,101582,101582 LB50LA16,2945691,212551,24043,176968,212348,2/23/2021,101582,LA16,235.27,101582,4410,4188,1.46,0.1212,0.05,0.4402,0.44,0.1861,0.2539,5046
2021,2,2021,3/5/2021,20492,101582,101582 LB50LA16,2945691,212551,24043,176968,212348,2/23/2021,101582,LB50,235.27,101582,4410,4410,0.85,0.1136,0.05,0.4696,0.47,0.1986,0.2714,5046
2021,2,2021,3/29/2021,2200,100917,100917,136129A,213154,12551,73201106 RI,213042,2/22/2021,100917,VG32,1200,100917,49920,49920,0.24,1,0.02,0.024,0.02,0.024,-0.004,5046
2021,2,2021,3/3/2021,2200,101309,101309 VG32,137699A,212487,12551,73201100RI,212321,2/22/2021,101309,VG32,1200,101309,49920,49920,0.24,1,0.02,0.024,0.02,0.024,-0.004,5046
2021,2,2021,3/5/2021,20492,101586,101586 LW86,2945041,212553,22380,41905,212318,2/22/2021,101586,LW86,71.85,101586,450,450,2.83,0.1175,0.16,1.3589,1.36,1.3589,0.0011,5046
2021,2,2021,3/24/2021,21368,100398,100398 VK05,16290985,213120,27228,INV00406693,213084,2/19/2021,100398,VK05,1842,100398,83200,20800,0.61,1,0.09,0.0221,0.09,0.0828,0.0072,5046
2021,2,2021,2/26/2021,20492,101530,101530LA61 LB50,2937075,212392,24043,176850,212114,2/18/2021,101530,LA61,448.47,101530,4410,11000,1.25,0.1188,0.1,0.856,0.86,0.1358,0.7242,5046
2021,2,2021,2/26/2021,20492,101530,101530LA61 LB50,2937075,212392,24043,176850,212114,2/18/2021,101530,LB50,448.47,101530,11000,4410,0.85,0.1136,0.04,0.3589,0.36,0.1986,0.1614,5046
2021,2,2021,2/26/2021,20492,101541,101541 LW89,2940977,212391,22380,41898,212189,2/18/2021,101541,LW89,88.91,101541,1800,1800,2.86,0.1199,0.05,0.412,0.41,0.3996,0.0104,5046
2021,2,2021,2/19/2021,1145,100195,100195 VK78,1194999,212115,27228,INV00406598,212186,2/16/2021,100195,VK78,1290,100195,22176,22176,0.47,1,0.06,0.0582,0.06,0.07,-0.01,5046
2021,2,2021,2/26/2021,3151,101420,101420 LA50,21-0617,212351,20440,91186547,212087,2/16/2021,101420,LA50,80,101420,43680,43680,0.73,0.1235,0,0.0148,0.01,0,0.01,5046
2021,2,2021,2/19/2021,1145,100195,100195 VK78,1194999,212115,27228,INV00406560,212185,2/15/2021,100195,VK78,1290,100195,22176,22176,0.47,1,0.06,0.0582,0.06,0.07,-0.01,5046
2021,2,2021,3/10/2021,21368,100398,100398 VK05,16291043,212687,27228,INV00406511,212037,2/15/2021,100398,VK05,1822,100398,20800,20800,0.61,1,0.09,0.0876,0.09,0.0828,0.0072,5046
2021,2,2021,2/24/2021,2200,101306,101306 VG32,137209A,212248,12551,73198486 RI,212210,2/15/2021,101306,VG32,1200,101306,49920,49920,0.23,1,0.02,0.024,0.02,0.024,-0.004,5046
2021,2,2021,2/24/2021,20492,101487,101487 LC08,2932579,212264,20440,91186411,212231,2/15/2021,101487,LC08,71.47,101487,400,400,5.68,0.1316,0.18,1.3577,1.36,1.3577,0.0023,5046
2021,2,2021,3/3/2021,1552,101504,101504LA85LV01,7584406266,212489,15365,60249023,212110,2/15/2021,101504,LA85,210.09,101504,441,441,11.33,0.1087,0.48,4.3827,4.38,3.5077,0.8723,5046
2021,2,2021,3/3/2021,1552,101504,101504LA85LV01,7584406266,212489,15365,60249023,212110,2/15/2021,101504,LV01,210.09,101504,110,55,19.3,0.1075,3.82,17.7666,35.53,3.5469,31.9831,5046
2021,2,2021,3/3/2021,1552,101504,101504LA85LV01,7584406266,212489,15365,60249023,212110,2/15/2021,101504,LV20,210.09,101504,441,55,8.87,0.1114,0.48,4.2764,4.28,3.4227,0.8573,5046
2021,2,2021,2/26/2021,1004,101506,101506 LD70,18368806,212376,4059,INV107395,212107,2/15/2021,101506,LD70,114.8,101506,450,450,3.71,0.1199,0.26,2.1277,2.13,2.1277,0.0023,5046
2021,2,2021,2/24/2021,2200,100920,100920 VG32,137206A,212247,12551,73197767RI,212211,2/12/2021,100920,VG32,1200,100920,49920,49920,0.23,1,0.02,0.024,0.02,0.024,-0.004,5046
2021,2,2021,2/24/2021,2200,100919,100919 VG32,137204A,212246,12551,73197203 RI,212213,2/11/2021,100919,VG32,1200,100919,49920,49920,0.23,1,0.02,0.024,0.02,0.024,-0.004,5046
2021,2,2021,2/12/2021,1145,100195,100195 VK78,1192861,211982,27228,INV00406512,212184,2/10/2021,100195,VK78,1290,100195,22176,22176,0.47,1,0.06,0.0582,0.06,0.07,-0.01,5046
2021,2,2021,3/5/2021,20492,101471,"101471 LA26,27",2923937,212550,20100,683086,211936,2/9/2021,101471,LA26,98.09,101471,1780,450,2.48,0.1202,0.06,0.4585,0.46,0.3764,0.0836,5046
2021,2,2021,3/5/2021,20492,101471,"101471 LA26,27",2923937,212550,20100,683086,211936,2/9/2021,101471,LA27,98.09,101471,450,1780,1.6,0.1214,0.22,1.7955,1.8,0.3286,1.4714,5046
2021,2,2021,2/19/2021,1145,100195,100195 VK78,1194999,212115,27228,INV00406314,212183,2/8/2021,100195,VK78,1290,100195,22176,22176,0.47,1,0.06,0.0582,0.06,0.07,-0.01,5046
2021,2,2021,2/12/2021,1145,100195,100195 VK78,1192861,211982,27228,INV00406923,212422,2/8/2021,100195,VK78,1290,100195,21384,21384,0.47,1,0.06,0.0603,0.06,0.07,-0.01,5046
2021,2,2021,2/24/2021,1004,100336,100336 WK02,19247089,212242,17170,33611-04,211953,2/8/2021,100336,WK02,181.23,100336,281250,281250,0.03,1,0,0.0006,0,0.0006,-0.0006,5046
2021,2,2021,2/24/2021,2200,100918,100918 VG32,136968A,212245,12551,73195462 RI,212212,2/8/2021,100918,VG32,1200,100918,49920,49920,0.23,1,0.02,0.024,0.02,0.024,-0.004,5046
2021,2,2021,2/12/2021,20492,101393,101393 LA52,2916825,212006,20440,91184408,211935,2/4/2021,101393,LA52,71.16,101393,840,840,1.37,0.1206,0.08,0.7024,0.7,0.7024,-0.0024,5046
2021,2,2021,3/17/2021,2200,100913,100913 VG32,136126A,212809,12551,73192517 RI,211844,2/2/2021,100913,VG32,1200,100913,49920,49920,0.23,1,0.02,0.024,0.02,0.024,-0.004,5046
2021,2,2021,2/10/2021,2200,100916,100916 VG32,136128A,211881,12551,73192518 RI,211845,2/2/2021,100916,VG32,1200,100916,49920,49920,0.23,1,0.02,0.024,0.02,0.024,-0.004,5046
2021,2,2021,2/5/2021,20492,101302,101302LA27LA32,2913277,211795,20100,682355,211826,2/2/2021,101302,LA27,113.37,101302,830,1780,1.6,0.1214,0.14,1.1251,1.13,0.3286,0.8014,5046
2021,2,2021,2/5/2021,20492,101302,101302LA27LA32,2913277,211795,20100,682355,211826,2/2/2021,101302,LA32,113.37,101302,1780,830,2.71,0.1294,0.06,0.4922,0.49,0.4433,0.0467,5046
2021,2,2021,2/5/2021,20492,101363,101363,2913514,211798,2023,500011,211812,2/2/2021,101363,TC08,72.81,101363,21,21,27.52,1,3.47,3.4671,3.47,0.2231,3.2469,5046
2021,2,2021,2/5/2021,20492,101416,101416LI81LA257,2913273,211796,20100,682788,211825,2/2/2021,101416,LA25,145.69,101416,2756,440,2.46,0.1216,0.05,0.4347,0.43,0.2408,0.1892,5046
2021,2,2021,2/5/2021,20492,101416,101416LI81LA257,2913273,211796,20100,682788,211825,2/2/2021,101416,LA27,145.69,101416,2756,1780,1.6,0.1214,0.05,0.4354,0.44,0.3286,0.1114,5046
2021,2,2021,2/5/2021,20492,101416,101416LI81LA257,2913273,211796,20100,682788,211825,2/2/2021,101416,LI81,145.69,101416,2756,2756,1.01,0.0905,0.05,0.5841,0.58,0.466,0.114,5046
2021,2,2021,2/26/2021,1145,100195,100195 VK78,1195195,212378,27228,INV00406203,212182,2/1/2021,100195,VK78,1290,100195,22176,22176,0.47,1,0.06,0.0582,0.06,0.07,-0.01,5046
2021,2,2021,2/24/2021,1004,101331,101331 LW73LR76,21176702,212241,9174,76959,211952,2/1/2021,101331,LR76,196.99,101331,480,480,1.89,0.1091,0.41,3.7616,3.76,0.9764,2.7836,5046
2021,2,2021,2/24/2021,1004,101331,101331 LW73LR76,21176702,212241,9174,76959,211952,2/1/2021,101331,LW73,196.99,101331,480,920,2.38,0.1119,0.41,3.6675,3.67,1.0185,2.6515,5046
2021,1,2021,3/10/2021,21368,100398,100398 VK05,16291043,212687,27228,INV00406005,212415,1/29/2021,100398,VK05,1822,100398,20800,20800,0.61,1,0.09,0.0876,0.09,0.0828,0.0072,5046
2021,1,2021,2/5/2021,20492,101392,101392LA70LW68.,2909500,211794,22380,41758,211836,1/29/2021,101392,LA70,91.18,101392,900,500,2.3,0.1052,0.2,0.963,1.93,0.4445,1.4855,5046
2021,1,2021,2/5/2021,20492,101392,101392LA70LW68.,2909500,211794,22380,41758,211836,1/29/2021,101392,LW68,91.18,101392,500,551,1.81,0.0923,0.18,1.9757,1.98,0.5191,1.4609,5046
2021,1,2021,2/5/2021,20492,101392,101392LA70LW68.,2909500,211794,22380,41758,211836,1/29/2021,101392,LW88,91.18,101392,551,450,2.21,0.1209,0.17,1.3687,1.37,0.3868,0.9832,5046
2021,1,2021,2/5/2021,20492,101392,101392LA70LW68.,2909500,211794,22380,41758,211836,1/29/2021,101392,LW89,91.18,101392,500,450,2.86,0.1199,0.18,1.5209,1.52,0.3996,1.1204,5046
2021,1,2021,3/17/2021,2200,100915,100915 VG32,136125A,212808,12551,73190699 RI,211687,1/28/2021,100915,VG32,1200,100915,49920,49920,0.23,1,0.02,0.024,0.02,0.024,-0.004,5046
2021,1,2021,2/12/2021,1552,101241,101241 LA99,6219756664,211990,7136,1135118690,211816,1/28/2021,101241,LA99,147.24,101241,970,970,3.96,0.1135,0.15,1.3374,1.34,1.3374,0.0026,5046
2021,1,2021,2/5/2021,2200,100914,100914 VG32,136124A,211783,12551,73190105 RI,211575,1/27/2021,100914,VG32,1200,100914,49920,49920,0.23,1,0.02,0.024,0.02,0.024,-0.004,5046
2021,1,2021,2/2/2021,20492,101345,101345 UC20,2904190,211705,2023,498323,211541,1/27/2021,101345,UC20,97.98,101345,105,105,10.38,1,0.93,0.9331,0.93,0.9331,-0.0031,5046
2021,1,2021,2/2/2021,20492,101360,101360 LB50,2906372,211706,24043,176381,211593,1/27/2021,101360,LB50,87.28,101360,2205,2205,0.85,0.1136,0.04,0.3484,0.35,0.1986,0.1514,5046
2021,1,2021,1/27/2021,20492,101289,101289 LB72,2895039,211506,24043,176275,211475,1/22/2021,101289,LB72,70.88,101289,460,460,1.25,0.1149,0.15,1.3411,1.34,1.3798,-0.0398,5046
2021,1,2021,2/5/2021,1145,100922,100922 VA21,1190078,211780,18001,16016,211590,1/21/2021,100922,VA21,1115,100922,5760,5760,4.99,1,0.19,0.1936,0.19,0.2257,-0.0357,5046
2021,1,2021,1/29/2021,1004,100853,100853 LC05,19667117,211595,7184,595683,211527,1/20/2021,100853,LC05,119.22,100853,420,420,4.92,0.1265,0.28,2.2439,2.24,2.2439,-0.0039,5046
2021,1,2021,1/27/2021,20492,101199,101199 PD56,2895725,211505,2060,I21-00287,211540,1/20/2021,101199,PD56,70.88,101199,400,400,10,470.77,0.18,0.0004,0,0.0004,-0.0004,5046
2021,1,2021,2/2/2021,1552,101242,101242 LA93,7584406012,211700,15365,60248091,211488,1/20/2021,101242,LA93,155.52,101242,441,441,9.45,0.1,0.35,3.5265,3.53,3.5265,0.0035,5046
2021,1,2021,1/25/2021,20492,101253,101253 LA27,2890636,211467,20100,682123,211396,1/19/2021,101253,LA27,78.17,101253,1780,1780,1.6,0.1214,0.04,0.3617,0.36,0.3286,0.0314,5046
2021,1,2021,1/25/2021,1004,101074,101074 LV47,43283749,211445,2177,BT 181338,211513,1/18/2021,101074,LV47,460.89,101074,5800,5800,1.52,0.1196,0.08,0.6644,0.66,0.6644,-0.0044,5046
2021,1,2021,1/25/2021,1004,101116,101116 LW77,19698756,211443,9174,76800,211537,1/18/2021,101116,LW77,128.69,101116,960,960,1.6,0.1054,0.13,1.2718,1.27,1.0813,0.1887,5046
2021,1,2021,1/25/2021,1004,101116,101116 LW77,19698756,211443,9174,76800,211537,1/18/2021,101206,LR78,128.69,101116,960,550,1.2,0.0902,0.13,1.4862,1.49,1.181,0.309,5046
2021,1,2021,1/25/2021,1004,101116,101116 LW77,19698756,211443,9174,76800,211537,1/18/2021,101206,LW73,128.69,101116,960,460,2.38,0.1119,0.13,1.198,1.2,1.0185,0.1815,5046
2021,1,2021,1/25/2021,20492,101225,101225 UE04,2886449,211466,2023,495157,211368,1/15/2021,101225,UE04,70.72,101225,36,36,11.36,1,1.96,1.9644,1.96,1.9644,-0.0044,5046
2021,1,2021,1/29/2021,1004,101111,101111 LW76,18371216,211592,4059,INV107296,211379,1/14/2021,101111,LW76,115.09,101111,900,900,3.35,0.1224,0.13,1.0448,1.04,1.0448,-0.0048,5046
2021,1,2021,1/27/2021,1552,101172,101172 LB52,8442038625,211500,3127,559IL00550,211693,1/14/2021,101172,LB52,201.5,101172,450,450,2.83,0.116,0.45,3.8602,3.86,3.8602,-0.0002,5046
2021,1,2021,1/25/2021,20492,101189,101189 UC04,2884188,211465,2023,494741,211209,1/14/2021,101189,UC04,70.72,101189,36,36,9.27,1,1.96,1.9644,1.96,1.9644,-0.0044,5046
2021,1,2021,1/20/2021,20492,101202,101202 LD10,2879780,211263,24043,176053,211207,1/13/2021,101202,LD10,77.99,101202,1800,1800,1.37,0.1153,0.04,0.3758,0.38,0.3637,0.0163,5046
2021,1,2021,1/20/2021,20492,101209,101209 LA27LA32,2881799,211268,20100,681923,211199,1/13/2021,101209,LA27,112.92,101209,1780,1780,1.6,0.1214,0.06,0.5226,0.52,0.3286,0.1914,5046
2021,1,2021,1/20/2021,20492,101209,101209 LA27LA32,2881799,211268,20100,681923,211199,1/13/2021,101209,LA32,112.92,101209,1780,830,2.65,0.1294,0.06,0.4902,0.49,0.4433,0.0467,5046
2021,1,2021,1/29/2021,1004,101224,101224 LS14,17300746,211585,22172,90853912,211386,1/13/2021,101224,LS14,257.03,101224,1800,1800,1.39,0.1199,0.14,1.1909,1.19,1.1909,-0.0009,5046
2021,1,2021,2/16/2021,2200,100807,100807 VG32,134313A,212030,12551,73183211 RI,211189,1/12/2021,100807,VG32,1200,100807,49920,49920,0.23,1,0.02,0.024,0.02,0.024,-0.004,5046
2021,1,2021,1/25/2021,2200,100809,100809 VG32,134315A,211452,12551,73183244RI,211190,1/12/2021,100809,VG32,1200,100809,49920,49920,0.23,1,0.02,0.024,0.02,0.024,-0.004,5046
2021,1,2021,3/3/2021,1552,100952,100952 LC11,5093582955,212488,7184,595144,211193,1/12/2021,100952,LC11,483.16,100952,4000,4000,2.62,0.1264,0.12,0.9556,0.96,0.9556,0.0044,5046
2021,1,2021,1/25/2021,13066,101078,101078 VA04,4834955,211463,17245,94373255,211198,1/12/2021,101078,VA04,890,101078,3150,3150,1.57,1,0.28,0.2825,0.28,0.2825,-0.0025,5046
2021,1,2021,1/25/2021,2200,100805,100805 VG32,134311A,211451,12551,73182789 RI,211188,1/11/2021,100805,VG32,1200,100805,49920,49920,0.23,1,0.02,0.024,0.02,0.024,-0.004,5046
2021,1,2021,1/20/2021,2200,100808,100808 VG32,134314A,211253,12551,73182498 RI,211419,1/11/2021,100808,VG32,1200,100808,49920,49920,0.23,1,0.02,0.024,0.02,0.024,-0.004,5046
2021,1,2021,1/25/2021,1004,100196,100196 WK13,19247080,211444,27228,INV00405185,211202,1/7/2021,100196,WK13,178.35,100196,251250,251250,0.04,1,0,0.0007,0,0.0007,-0.0007,5046
2021,1,2021,1/20/2021,20492,101108,101108 LB07,2869455,211262,20440,91178190,211072,1/7/2021,101108,LB07,77.99,101108,1800,1800,0.68,0.1156,0.04,0.3748,0.37,0.3748,-0.0048,5046
2021,1,2021,1/15/2021,20492,101165,101165 LA16,2872755,211181,24043,175914,211030,1/7/2021,101165,LA16,86.34,101165,2094,2094,1.46,0.1212,0.04,0.3402,0.34,0.1861,0.1539,5046
2021,1,2021,1/20/2021,2200,100803,100803 VG32,134308A,211250,12551,73180666 RI,211007,1/6/2021,100803,VG32,1200,100803,49920,49920,0.23,1,0.02,0.024,0.02,0.024,-0.004,5046
2021,1,2021,1/20/2021,2200,100806,100806 VG32,134312A,211251,12551,73180809 RI,211005,1/6/2021,100806,VG32,1200,100806,49920,49920,0.23,1,0.02,0.024,0.02,0.024,-0.004,5046
2021,1,2021,1/25/2021,1004,101079,101079 WO02,19008058,211446,20887,29302,211075,1/5/2021,101079,WO02,109,101079,5250,5250,0.15,1,0.02,0.0208,0.02,0.0208,-0.0008,5046
2021,1,2021,4/5/2021,2200,100802,100802 VG32,134306A,213485,12551,73179582,211060,1/4/2021,100802,VG32,1200,100802,49920,49920,0.23,1,0.02,0.024,0.02,0.024,-0.004,5046
2021,1,2021,1/20/2021,2200,100804,100804 VG32,134309A,211252,12551,73179583 RI,211006,1/4/2021,100804,VG32,1200,100804,49920,49920,0.23,1,0.02,0.024,0.02,0.024,-0.004,5046
2021,1,2021,1/20/2021,1004,101110,101110 LS14,17300742,211245,22172,90853255,211021,1/4/2021,101110,LS14,196.64,101110,1800,1800,1.39,0.1199,0.11,0.9111,0.91,1.1909,-0.2809,5046
2021,12,2020,1/10/2021,20492,101107,101107 LA182732,2863944,210944,20100,681425,210850,12/30/2020,101107,LA18,113.93,101107,415,450,2.45,0.1189,0.27,2.3089,2.31,0.4824,1.8276,5046
2021,12,2020,1/10/2021,20492,101107,101107 LA182732,2863944,210944,20100,681425,210850,12/30/2020,101107,LA27,113.93,101107,1780,1780,1.6,0.1214,0.06,0.5272,0.53,0.3286,0.2014,5046
2021,12,2020,1/10/2021,20492,101107,101107 LA182732,2863944,210944,20100,681425,210850,12/30/2020,101107,LA32,113.93,101107,415,415,2.65,0.1294,0.27,2.1216,2.12,0.4433,1.6767,5046
2021,12,2020,1/20/2021,1004,101042,101042 LW77LR75,19444661,211244,9174,76624,211018,12/29/2020,101042,LR75,115.81,101042,480,475,1.66,0.1103,0.24,2.1874,2.19,1.0994,1.0906,5046
2021,12,2020,1/20/2021,1004,101042,101042 LW77LR75,19444661,211244,9174,76624,211018,12/29/2020,101042,LW77,115.81,101042,480,480,1.6,0.1054,0.24,2.2891,2.29,1.0813,1.2087,5046
2021,12,2020,1/5/2021,20492,101053,101053LA27/LI81,2861971,210903,20100,681220,210799,12/29/2020,101053,LA27,135.75,101053,2756,1780,1.6,0.1214,0.05,0.4057,0.41,0.3286,0.0814,5046
2021,12,2020,1/5/2021,20492,101053,101053LA27/LI81,2861971,210903,20100,681220,210799,12/29/2020,101053,LI81,135.75,101053,1780,2756,1.04,0.0905,0.08,0.8427,0.84,0.466,0.374,5046
2021,12,2020,1/10/2021,20492,101105,101105 LA60LB50,2864296,210946,24043,175782,210854,12/29/2020,101105,LA60,107.55,101105,2205,450,1.24,0.1205,0.05,0.4048,0.4,0.3362,0.0638,5046
2021,12,2020,1/10/2021,20492,101105,101105 LA60LB50,2864296,210946,24043,175782,210854,12/29/2020,101105,LB50,107.55,101105,450,2205,0.85,0.1136,0.24,2.1039,2.1,0.1986,1.9014,5046
2021,12,2020,1/10/2021,20492,101117,1011170LA70LW78,2864043,210945,22380,41542,211029,12/29/2020,101117,LA70,70.56,101117,500,500,2.3,0.1052,0.14,1.3414,1.34,0.4445,0.8955,5046
2021,12,2020,1/10/2021,20492,101117,1011170LA70LW78,2864043,210945,22380,41542,211029,12/29/2020,101117,LW78,70.56,101117,500,450,3.11,0.1205,0.14,1.1711,1.17,0.6164,0.5536,5046
2021,12,2020,1/10/2021,2006,100749,100749 VA12,1008246001,210932,27082,2013269-70,210735,12/28/2020,100749,VA12,213.5,100749,745,745,0.75,1,0.29,0.2866,0.29,0.2866,0.0034,5046
2021,12,2020,1/5/2021,1552,100358,100358 WK01,4732297846,210900,1565,3671,210698,12/22/2020,100358,WK01,253.78,100358,100000,100000,0.07,1,0,0.0025,0,0.0025,-0.0025,5046
2021,12,2020,12/30/2020,20492,100947,100947 LA52,2855460,210756,20440,91175560,210710,12/21/2020,100947,LA52,70.12,100947,840,840,1.3,0.1206,0.08,0.6922,0.69,0.7024,-0.0124,5046
2021,12,2020,12/30/2020,20492,101041,101041 LA27,2853576,210755,20100,681159,210617,12/21/2020,101041,LA27,77.5,101041,1780,1780,1.6,0.1214,0.04,0.3586,0.36,0.3286,0.0314,5046
2021,12,2020,1/15/2021,1552,101063,101063 LV20,7584408613,211176,15365,60247283,210793,12/21/2020,101063,LV20,142.13,101063,110,110,8.87,0.1114,1.29,11.5987,11.6,3.4227,8.1773,5046
2021,12,2020,12/30/2020,20492,101016,101016 LA18,2851282,210754,20100,681035,210619,12/18/2020,101016,LA18,70.12,101016,900,900,2.58,0.1189,0.08,0.6553,0.66,0.4824,0.1776,5046
2021,12,2020,1/13/2021,2200,100697,100697 VG38,133692A,211094,12551,73173593 RI,210730,12/17/2020,100697,VG38,3000,100697,44460,44460,0.28,1,0.07,0.0675,0.07,0.0675,0.0025,5046
2021,12,2020,12/28/2020,20492,100850,1008505357SAR03,2848993,210660,15400,508277,210610,12/16/2020,100850,5357SAR030,77.5,100850,55,55,16.44,1,1.41,1.4091,1.41,1.4091,0.0009,5046
2021,12,2020,1/5/2021,2200,100696,100696 VG38,133691A,210898,12551,73172493 RI,210728,12/15/2020,100696,VG38,3000,100696,44460,44460,0.28,1,0.07,0.0675,0.07,0.0675,0.0025,5046
2021,12,2020,12/30/2020,20492,100994,100994 YC19,2846234A,210753,17297,4616100,210625,12/15/2020,100994,YC19,300,100994,384,384,4.56,1,0.78,0.7813,0.78,0.7813,-0.0013,5046
2021,12,2020,1/5/2021,2200,100695,100695 VG38,133690A,210897,12551,73171818 RI,210726,12/14/2020,100695,VG38,3075,100695,44460,44460,0.28,1,0.07,0.0692,0.07,0.0675,0.0025,5046
2021,12,2020,1/5/2021,1552,100852,100852 LW55,6579505052,210899,9060,9305115561,210678,12/14/2020,100852,LW55,149.93,100852,408,408,4.04,0.1319,0.37,2.786,2.79,2.786,0.004,5046
2021,12,2020,12/18/2020,20492,100973,100973LA16 LB50,2839971,210424,24043,175466,210378,12/14/2020,100973,LA16,228.76,100973,2205,6282,1.46,0.1212,0.1,0.856,0.86,0.1861,0.6739,5046
2021,12,2020,12/18/2020,20492,100973,100973LA16 LB50,2839971,210424,24043,175466,210378,12/14/2020,100973,LB50,228.76,100973,6282,2205,0.85,0.1136,0.04,0.3206,0.32,0.1986,0.1214,5046
2021,12,2020,1/5/2021,2200,100694,100694 VG38,133696A,210896,12551,73171096RI,210302,12/11/2020,100694,VG38,3000,100694,44460,44460,0.28,1,0.07,0.0675,0.07,0.0675,0.0025,5046
2021,12,2020,12/18/2020,20492,100938,100938 LB07,2838646,210425,20440,91173504,210370,12/11/2020,100938,LB07,77.32,100938,1800,1800,0.68,0.1156,0.04,0.3716,0.37,0.3748,-0.0048,5046
2021,12,2020,12/18/2020,20492,100984,100984LW656889,2841952,210426,22380,41439,210376,12/11/2020,100984,LB65,88.78,100984,551,474,2.94,0.1146,0.16,1.406,1.41,1.2753,0.1347,5046
2021,12,2020,12/18/2020,20492,100984,100984LW656889,2841952,210426,22380,41439,210376,12/11/2020,100984,LW68,88.78,100984,900,551,1.81,0.0923,0.1,1.0687,1.07,0.5191,0.5509,5046
2021,12,2020,12/18/2020,20492,100984,100984LW656889,2841952,210426,22380,41439,210376,12/11/2020,100984,LW89,88.78,100984,900,900,2.86,0.1199,0.1,0.8227,0.82,0.3996,0.4204,5046
2021,12,2020,12/28/2020,20492,100928,100928/100950,2837945,210658,20100,680702,210250,12/10/2020,100928,LI81,134.78,100928,2756,2756,1.04,0.0905,0.05,0.5404,0.54,0.466,0.074,5046
2021,12,2020,12/30/2020,13066,100009,100009 VI30,9235786,210751,3001,14-0060576,210238,12/9/2020,100009,VI30,5500,100009,152856,152856,0.34,1,0.04,0.036,0.04,0.036,0.004,5046
2021,12,2020,12/18/2020,20492,100893,100893LC41 LA27,2833328,210421,20100,680536,210203,12/8/2020,100893,LA27,91.42,100893,1780,1780,1.6,0.1214,0.05,0.4231,0.42,0.3286,0.0914,5046
2021,12,2020,12/18/2020,20492,100893,100893LC41 LA27,2833328,210421,20100,680536,210203,12/8/2020,100893,LC41,91.42,100893,1780,414,2.99,0.1234,0.05,0.4162,0.42,0.3557,0.0643,5046
2021,12,2020,12/18/2020,20492,100936,100936 LW89,2835424,210427,22380,41409,210257,12/8/2020,100936,LW89,86.54,100936,1800,1800,2.86,0.1199,0.05,0.401,0.4,0.3996,0.0004,5046
2021,12,2020,12/28/2020,1145,100382,100382 VG12,1180524,210645,20887,29065,210252,12/7/2020,100382,VG12,1290,100382,48960,48960,0.29,1,0.03,0.0263,0.03,0.0263,0.0037,5046
2021,12,2020,12/18/2020,20492,100878,100878LA61 LB50,2830776,210433,24043,175309,210214,12/7/2020,100878,LA61,465.75,100878,13200,13200,1.25,0.1188,0.04,0.297,0.3,0.1358,0.1642,5046
2021,12,2020,12/18/2020,20492,100878,100878LA61 LB50,2830776,210433,24043,175309,210214,12/7/2020,100878,LB50,465.75,100878,13200,6615,0.85,0.1136,0.04,0.3106,0.31,0.1986,0.1114,5046
2021,12,2020,12/18/2020,20492,100887,100887 LD10,2831907,210434,24043,175318,210215,12/7/2020,100887,LD10,77.2,100887,1800,1800,1.37,0.1153,0.04,0.372,0.37,0.3637,0.0063,5046
2021,12,2020,12/28/2020,4046,100879,100879 LW05,576429586,210649,20100,680435,210205,12/4/2020,100879,LW05,97.94,100879,500,500,1.94,393.4511,0.2,0.0005,0,0.0006,-0.0006,5046
2021,12,2020,12/10/2020,2200,100688,100688 VG38,132327A,210172,12551,73166967 RI,210554,12/3/2020,100688,VG38,3000,100688,44460,44460,0.28,1,0.07,0.0675,0.07,0.0675,0.0025,5046
2021,12,2020,12/10/2020,20492,100869,100869 LA27,2826387,210174,20100,680388,210204,12/3/2020,100869,LA27,134.56,100869,3560,3560,1.6,0.1214,0.04,0.3113,0.31,0.3286,-0.0186,5046
2021,12,2020,12/18/2020,2200,100691,100691 VG38,132738A,210403,12551,73166539,210733,12/2/2020,100691,VG38,3000,100691,44460,44460,0.28,1,0.07,0.0675,0.07,0.0675,0.0025,5046
2021,12,2020,12/28/2020,2200,100692,100692 VG38,132741A,210648,12551,73166538 RI,210725,12/2/2020,100692,VG38,3000,100692,44460,44460,0.28,1,0.07,0.0675,0.07,0.0675,0.0025,5046
2021,12,2020,12/18/2020,1552,100759,100759 LA99,7348178784,210417,7136,1135117159,210161,12/2/2020,100759,LA99,132.54,100759,485,485,3.96,0.1135,0.27,2.4077,2.41,1.3374,1.0726,5046
2021,12,2020,12/10/2020,20492,100851,1008510 UC09,2823707,210188,2023,484316,210122,12/2/2020,100851,UC09,96.38,100851,112,112,8.28,1,0.86,0.8605,0.86,0.8993,-0.0393,5046
2021,11,2020,12/18/2020,1145,100431,100431 VG75,1178542-0,210399,3225,INV-176609,210231,11/30/2020,100431,VG75,1290,100431,40200,40200,0.22,1,0.03,0.0321,0.03,0.0321,-0.0021,5046
2021,11,2020,12/18/2020,1145,100433,100433 VG75,1178544-0,210400,3225,INV-176610,210124,11/30/2020,100433,VG75,1290,100433,40200,40200,0.22,1,0.03,0.0321,0.03,0.0321,-0.0021,5046
2021,11,2020,12/10/2020,2200,100689,100689 VG38,132735A,210173,12551,73164885,210680,11/30/2020,100689,VG38,3000,100689,44460,44460,0.28,1,0.07,0.0675,0.07,0.0675,0.0025,5046
2021,11,2020,12/18/2020,2200,100690,100690 VG38,132736A,210404,12551,73165214 RI,210732,11/30/2020,100690,VG38,3000,100690,44460,44460,0.28,1,0.07,0.0675,0.07,0.0675,0.0025,5046
2021,11,2020,12/18/2020,1552,100821,100821 LV20,7584401694,210416,15365,60246398,210126,11/30/2020,100821,LV20,141.2,100821,110,110,8.87,0.1114,1.28,11.5228,11.52,3.4227,8.0973,5046
2021,11,2020,12/10/2020,20492,100832,100832,2821604,210186,20100,680276,210128,11/30/2020,100832,LA18,69.64,100832,900,450,2.58,0.1189,0.15,0.6508,1.3,0.4824,0.8176,5046
2021,11,2020,12/10/2020,20492,100832,100832,2821604,210186,20100,680276,210128,11/30/2020,100832,LD35,69.64,100832,900,450,2.66,0.1127,0.15,0.6866,1.37,0.4761,0.8939,5046
2021,11,2020,12/3/2020,2006,100651,100651 WM127,1009823225,210064,1102,9995,209955,11/25/2020,100651,WM127,250,100651,242000,242000,0.22,1,0,0.001,0,0.005,-0.005,5046
2021,11,2020,12/2/2020,20492,100797,100797 XM05,2810310,210011,17297,4611650,210260,11/25/2020,100797,XO22,69.53,100797,450,450,0.25,1,0.15,0.1545,0.15,0.0384,0.1116,5046
2021,11,2020,11/26/2020,1145,100429,100429 VG75,1175982,209936,3187,NKS_FIX_121,210343,11/24/2020,100642,ZD12,1290,100429,40200,270,0,1,0.03,0.0321,0.03,0,0.03,5046
2021,11,2020,11/26/2020,1145,100429,100429 VG75,1175982,209936,3187,NKS_FIX_121,210343,11/24/2020,100643,ZD12,1290,100429,40200,270,0,1,0.03,0.0321,0.03,0,0.03,5046
2021,11,2020,1/5/2021,1004,100662,100662 LD70,19835749,210894,4059,INV107147,209891,11/20/2020,100662,LD70,107.98,100662,450,450,3.71,0.1199,0.24,2.0013,2,2.1277,-0.1277,5046
2021,11,2020,12/3/2020,1145,100435,100435 VG75,1176484,210056,3225,INV-174870,209837,11/19/2020,100435,VG75,1290,100435,40200,40200,0.22,1,0.03,0.0321,0.03,0.0321,-0.0021,5046
2021,11,2020,12/3/2020,2200,100687,100687 VG38,132326A,210057,12551,73161198 RI,209858,11/19/2020,100687,VG38,3000,100687,44460,44460,0.28,1,0.07,0.0675,0.07,0.0675,0.0025,5046
2021,11,2020,11/26/2020,20492,100760,100760 LA27,2807419,209946,20100,679857,209795,11/19/2020,100760,LA27,76.84,100760,1780,1780,1.6,0.1214,0.04,0.3556,0.36,0.3286,0.0314,5046
2021,11,2020,12/2/2020,20492,100797,100797 XM05,2810310,210011,17297,4611660,209840,11/19/2020,100797,XM05,69.53,100797,500,500,1.25,1,0.14,0.1391,0.14,0.1391,0.0009,5046
2021,11,2020,12/30/2020,1004,100716,100716LW73LR768,19747914,210742,9174,76317,209863,11/18/2020,100716,LR76,176.84,100716,550,480,1.89,0.1091,0.32,2.9471,2.95,0.9764,1.9736,5046
2021,11,2020,12/30/2020,1004,100716,100716LW73LR768,19747914,210742,9174,76317,209863,11/18/2020,100716,LR78,176.84,100716,550,550,1.2,0.0902,0.32,3.5646,3.56,1.181,2.379,5046
2021,11,2020,12/30/2020,1004,100716,100716LW73LR768,19747914,210742,9174,76317,209863,11/18/2020,100716,LW73,176.84,100716,550,460,2.38,0.1119,0.32,2.8733,2.87,1.0185,1.8515,5046
2021,11,2020,11/26/2020,20492,100762,100762 LB50,2807719,209945,24043,174966,209847,11/18/2020,100762,LB50,89.06,100762,2205,2205,0.85,0.1136,0.04,0.3555,0.36,0.1986,0.1614,5046
2021,11,2020,11/19/2020,2200,100013,100013 VG32,131307A,209677,3225,NKS_FIX_121,210349,11/17/2020,100266,VG96,1200,100013,49920,40200,0.22,1,0.02,0.024,0.02,0.024,-0.004,5046
2021,11,2020,11/19/2020,2200,100013,100013 VG32,131307A,209677,3225,NKS_FIX_121,210349,11/17/2020,100267,VG96,1200,100013,49920,40200,0.22,1,0.02,0.024,0.02,0.024,-0.004,5046
2021,11,2020,11/19/2020,2200,100013,100013 VG32,131307A,209677,19892,NKS_FIX_121,210364,11/17/2020,100346,VA25,1200,100013,49920,420,1.3,1,0.02,0.024,0.02,0.1931,-0.1731,5046
2021,11,2020,11/19/2020,2200,100013,100013 VG32,131307A,209677,3225,NKS_FIX_121,210349,11/17/2020,100429,VG75,1200,100013,49920,40200,0.22,1,0.02,0.024,0.02,0.0321,-0.0121,5046
2021,11,2020,11/19/2020,2200,100013,100013 VG32,131307A,209677,3225,NKS_FIX_121,210349,11/17/2020,100430,VG75,1200,100013,49920,40200,0.22,1,0.02,0.024,0.02,0.0321,-0.0121,5046
2021,11,2020,11/19/2020,2200,100013,100013 VG32,131307A,209677,3225,NKS_FIX_121,210349,11/17/2020,100434,VG75,1200,100013,49920,40200,0.22,1,0.02,0.024,0.02,0.0321,-0.0121,5046
2021,11,2020,11/26/2020,2200,100685,100685 VG38,132169A,209937,12551,73160099 RI,210557,11/17/2020,100685,VG38,3000,100685,44460,44460,0.28,1,0.07,0.0675,0.07,0.0675,0.0025,5046
2021,11,2020,12/2/2020,2200,100686,100686 VG38,132170A,209998,12551,73160100 RI,210556,11/17/2020,100686,VG38,3000,100686,44460,44460,0.28,1,0.07,0.0675,0.07,0.0675,0.0025,5046
2021,11,2020,11/19/2020,2200,100013,100013 VG32,131307A,209677,8070,NKS_FIX_121,210360,11/16/2020,100515,LA47,1200,100013,49920,800,1.74,0.1139,0.02,0.211,0.21,0,0.21,5046
2021,11,2020,11/20/2020,20492,100731,100731 UC09,2800310,209778,2023,480431,209633,11/16/2020,100731,UC09,95.47,100731,112,112,7.98,1,0.85,0.8524,0.85,0.8993,-0.0493,5046
2021,11,2020,11/20/2020,20492,100732,100732 LI81,2800453,209777,20100,679743,209901,11/16/2020,100732,LI81,109.23,100732,2756,2756,1.04,0.0905,0.04,0.4379,0.44,0.466,-0.026,5046
2021,11,2020,11/19/2020,2200,100014,100014 VG32,131308A,209678,27228,NKS_FIX_121,210366,11/13/2020,99260,VI35,1200,100014,49920,123760,0.33,1,0.02,0.024,0.02,0.0214,-0.0014,5046
2021,11,2020,11/19/2020,2200,100014,100014 VG32,131308A,209678,20418,NKS_FIX_121,210365,11/12/2020,100468,XE125,1200,100014,49920,29120,0.55,1,0.02,0.024,0.02,0,0.02,5046
2021,11,2020,11/19/2020,2200,100015,100015 VG32,131309A,209679,20418,NKS_FIX_121,210365,11/12/2020,100468,XM81,1200,100015,49920,37500,0.1,1,0.02,0.024,0.02,0,0.02,5046
2021,11,2020,11/19/2020,20492,100702,100702 UC04,2795716,209712,2023,479611,209634,11/12/2020,100702,UC04,69.21,100702,36,36,9.27,1,1.92,1.9225,1.92,1.9644,-0.0444,5046
2021,11,2020,11/19/2020,20492,100667,100667LA52,2793331,209713,20440,91167003,209641,11/11/2020,100667,LA52,69.27,100667,840,840,1.3,0.1206,0.08,0.6838,0.68,0.7024,-0.0224,5046
2021,11,2020,11/19/2020,20492,100703,100703 LA27,2793924,209710,20100,679579,209495,11/11/2020,100703,LA27,76.48,100703,1780,1780,1.6,0.1214,0.04,0.3539,0.35,0.3286,0.0214,5046
2021,11,2020,11/19/2020,20492,100709,100709 VA11,2795932,209711,17249,I0133137,210082,11/11/2020,100709,VA11,350,100709,2016,2016,2,1,0.17,0.1736,0.17,0.0794,0.0906,5046
2021,11,2020,11/19/2020,2200,100014,100014 VG32,131308A,209678,12551,NKS_FIX_121,210362,11/10/2020,100013,VG32,1200,100014,49920,49920,0.22,1,0.02,0.024,0.02,0.024,-0.004,5046
2021,11,2020,11/19/2020,2200,100013,100013 VG32,131307A,209677,12551,NKS_FIX_121,210362,11/10/2020,100014,VG32,1200,100013,49920,49920,0.22,1,0.02,0.024,0.02,0.024,-0.004,5046
2021,11,2020,11/19/2020,2200,100013,100013 VG32,131307A,209677,12551,NKS_FIX_121,210362,11/10/2020,100015,VG32,1200,100013,49920,49920,0.22,1,0.02,0.024,0.02,0.024,-0.004,5046
2021,11,2020,11/19/2020,2200,100014,100014 VG32,131308A,209678,12551,NKS_FIX_121,210362,11/10/2020,100016,VG32,1200,100014,49920,49920,0.22,1,0.02,0.024,0.02,0.024,-0.004,5046
2021,11,2020,11/19/2020,20492,100671,100671 LD10,2787253,209705,24043,174717,209574,11/6/2020,100671,LD10,76.42,100671,1800,1800,1.37,0.1153,0.04,0.3682,0.37,0.3637,0.0063,5046
2021,11,2020,11/20/2020,1552,100404,100404 LC21,7398281881,209773,7184,592063,209543,11/5/2020,100404,LC21,261.32,100404,1640,1640,4.18,0.1289,0.16,1.2362,1.24,1.2362,0.0038,5046
2021,11,2020,11/19/2020,20492,100638,100638 LB07,2779310,209704,20440,91165469,209566,11/4/2020,100638,LB07,69.21,100638,900,900,0.68,0.1156,0.08,0.6652,0.67,0.3748,0.2952,5046
2021,11,2020,11/19/2020,2200,100014,100014 VG32,131308A,209678,3123,NKS_FIX_121,210336,11/3/2020,100239,VE07,1200,100014,49920,1920,0.75,1,0.02,0.024,0.02,0.0683,-0.0483,5046
2021,11,2020,11/19/2020,20492,100647,100647 YC19,2780532,209703,17297,4607850,209558,11/3/2020,100647,YC19,525,100647,504,504,4.56,1,1.04,1.0417,1.04,0.7813,0.2587,5046
2021,11,2020,11/20/2020,1004,100471,100471 WM66,15709362,209769,20887,28644,209570,11/2/2020,100471,WM66,107.65,100471,60000,60000,0.04,1,0,0.0018,0,0.0015,-0.0015,5046
2021,11,2020,12/3/2020,2006,100623,100623 SA43,1009833279,210061,12221,117264,209549,11/2/2020,100623,SA43,150.68,100623,6300,6300,1.15,1,0.02,0.0239,0.02,0.0239,-0.0039,5046
2021,10,2020,11/19/2020,2200,100013,100013 VG32,131307A,209677,2600,NKS_FIX_121,210324,10/30/2020,99757,VE49,1200,100013,49920,13356,0.78,1,0.02,0.024,0.02,0.0869,-0.0669,5046
2021,10,2020,11/13/2020,20492,100542,100542LA48 LD35,2776031,209539,20100,678800,209303,10/30/2020,100542,LA48,69.21,100542,428,428,3.28,0.1238,0.16,1.3062,1.31,0.6367,0.6733,5046
2021,10,2020,11/13/2020,20492,100542,100542LA48 LD35,2776031,209539,20100,678800,209303,10/30/2020,100542,LD35,69.21,100542,450,450,2.66,0.1127,0.15,1.3647,1.36,0.4761,0.8839,5046
2021,10,2020,11/19/2020,1552,100584,100584 LS16,7696708132,209683,9045,C0025599,209467,10/30/2020,100584,LS16,131.89,100584,460,460,0.93,0.1174,0.29,2.4422,2.44,2.4422,-0.0022,5046
2021,10,2020,11/13/2020,20492,100621,100621 LA16,2775758,209556,24043,174580,209485,10/30/2020,100621,LA16,84.66,100621,2094,2094,1.46,0.1212,0.04,0.3336,0.33,0.1861,0.1439,5046
2021,10,2020,11/4/2020,20492,100603,100603 UE04,2773343,209366,2023,476200,209289,10/29/2020,100603,UE04,69.21,100603,20,20,11.36,1,3.46,3.4605,3.46,1.9644,1.4956,5046
2021,10,2020,11/13/2020,20492,100619,100619LW89LW68,2776495,209554,22380,41165,209320,10/29/2020,100619,LW68,86.84,100619,1350,551,1.81,0.0923,0.06,0.6969,0.7,0.5191,0.1809,5046
2021,10,2020,11/13/2020,20492,100619,100619LW89LW68,2776495,209554,22380,41165,209320,10/29/2020,100619,LW89,86.84,100619,1350,1350,2.86,0.1199,0.06,0.5365,0.54,0.3996,0.1404,5046
2021,10,2020,11/20/2020,1004,100593,100593,20214832,209768,3225,INV-169491,209468,10/28/2020,100593,ZE11,216.78,100593,6240,6240,0.18,1,0.03,0.0347,0.03,0.0347,-0.0047,5046
2021,10,2020,11/1/2020,20492,100580,100580 LB50,2768952,209245,24043,174488,209165,10/27/2020,100580,LB50,133.27,100580,4410,4410,0.85,0.1136,0.03,0.266,0.27,0.1986,0.0714,5046
2021,10,2020,11/13/2020,1552,100552,100552 UC23,4673301500,209508,8077,487808,209182,10/22/2020,100552,UC23,351.49,100552,50,50,32.76,1,7.03,7.0298,7.03,7.0298,0.0002,5046
2021,10,2020,11/13/2020,13066,100265,100265 VG96,4766059,209522,3225,INV-167452,208953,10/20/2020,100265,VG96,1290,100265,40200,40200,0.21,1,0.03,0.0321,0.03,0.024,0.006,5046
2021,10,2020,10/26/2020,20492,100522,100522 UC20,2757503,209047,2023,473583,208895,10/20/2020,100522,UC20,88.44,100522,105,105,10.24,1,0.84,0.8423,0.84,0.9331,-0.0931,5046
2021,10,2020,10/26/2020,20492,100523,100523LA42LA32,2757918,209046,20100,678664,208929,10/20/2020,100523,LA32,176.56,100523,5292,830,2.59,0.1294,0.03,0.2578,0.26,0.4433,-0.1833,5046
2021,10,2020,10/26/2020,20492,100523,100523LA42LA32,2757918,209046,20100,678664,208929,10/20/2020,100523,LA42,176.56,100523,5292,5292,1.95,0.1222,0.03,0.273,0.27,0.236,0.034,5046
2021,10,2020,11/19/2020,1004,100212,100212 LA14,19596607,209669,19802,9636201,209132,10/19/2020,100212,LA14,1025.83,100212,9600,9600,1.9,0.1208,0.11,0.8846,0.88,0.8952,-0.0152,5046
2021,10,2020,11/19/2020,13066,100264,100264 VG96,4767044,209695,3225,INV-167232,208899,10/19/2020,100264,VG96,1290,100264,40200,40200,0.21,1,0.03,0.0321,0.03,0.024,0.006,5046
2021,10,2020,11/26/2020,27230,100045,100045 VG61,476771621,209947,1565,3606,209120,10/16/2020,100045,VG61,735.64,100045,13920,13920,0.58,1,0.05,0.0528,0.05,0.0177,0.0323,5046
2021,10,2020,11/19/2020,13066,100121,100121 VG96,4764499,209694,3225,INV-166683,208898,10/16/2020,100121,VG96,1290,100121,40200,40200,0.21,1,0.03,0.0321,0.03,0.024,0.006,5046
2021,10,2020,11/13/2020,1552,100329,100329 WM78,5248689762,209507,1565,3605,208904,10/16/2020,100329,WM78,163.21,100329,52800,52800,0.05,1,0,0.0031,0,0.0025,-0.0025,5046
2021,10,2020,10/21/2020,20492,100472,100472 LB50,2746284,208945,24043,174224,208934,10/15/2020,100472,LA61,133.27,100472,11000,11000,1.27,0.1188,0.01,0.102,0.1,0.1358,-0.0358,5046
2021,10,2020,10/21/2020,20492,100472,100472 LB50,2746284,208945,24043,174223,208771,10/15/2020,100472,LB50,133.27,100472,4410,4410,0.85,0.1136,0.03,0.266,0.27,0.1986,0.0714,5046
2021,10,2020,10/21/2020,20492,100481,100481LA27LA81,2751006,208947,20100,678440,208928,10/15/2020,100481,LA27,133.27,100481,2756,1780,1.6,0.1214,0.05,0.3983,0.4,0.3286,0.0714,5046
2021,10,2020,10/21/2020,20492,100481,100481LA27LA81,2751006,208947,20100,678440,208928,10/15/2020,100481,LI81,133.27,100481,2756,2756,1.04,0.0905,0.05,0.5343,0.53,0.466,0.064,5046
2021,10,2020,10/26/2020,20492,100510,100510LL20LW89,2753264,209048,22380,41049,208935,10/15/2020,100510,LL20,86.86,100510,1350,550,0.82,0.0985,0.06,0.6532,0.65,0.4641,0.1859,5046
2021,10,2020,10/26/2020,20492,100510,100510LL20LW89,2753264,209048,22380,41049,208935,10/15/2020,100510,LW89,86.86,100510,1350,1350,2.86,0.1199,0.06,0.5366,0.54,0.3996,0.1404,5046
2021,10,2020,10/26/2020,13066,100120,100120 VG96,3288051,209035,3225,INV-166210,209173,10/14/2020,100120,VG96,1680,100120,18090,18090,0.21,1,0.09,0.0929,0.09,0.024,0.066,5046
2021,10,2020,10/21/2020,20492,100285,1002855390PIO03,2750895,208946,15400,506292,208915,10/14/2020,100285,5390PIO030,93.64,100285,80,80,17.98,1,1.17,1.1705,1.17,1.1705,-0.0005,5046
2021,10,2020,11/13/2020,1004,100376,100376 LV47,43250271,209496,2177,BT 181309,209111,10/13/2020,100376,LV47,516.34,100376,4600,4600,1.91,0.1196,0.11,0.9385,0.94,0.6644,0.2756,5046
2021,10,2020,11/1/2020,27230,100478,100478 WA07,7359980456,209218,1072,28038,208952,10/13/2020,100478,WA07,237.04,100478,6000,6000,0.15,1,0.04,0.0395,0.04,0.0395,0.0005,5046
2021,10,2020,11/13/2020,1004,100359,100359LW77 LR78,19502475,209499,9174,75938,208907,10/12/2020,100359,LR78,121.9,100359,550,550,1.2,0.0902,0.22,2.4572,2.46,1.181,1.279,5046
2021,10,2020,11/13/2020,1004,100359,100359LW77 LR78,19502475,209499,9174,75938,208907,10/12/2020,100359,LW77,121.9,100359,480,480,1.6,0.1054,0.25,2.4095,2.41,1.0813,1.3287,5046
2021,10,2020,10/19/2020,20492,100416,100416 LA27,2742203,208799,20100,678208,208759,10/9/2020,100416,LA27,76.48,100416,1780,1780,1.6,0.1214,0.04,0.3539,0.35,0.3286,0.0214,5046
2021,10,2020,10/19/2020,20492,100459,100459LL20LW89,2743398,208806,22380,41005,208768,10/9/2020,100459,LL20,86.79,100459,1350,550,0.82,0.0985,0.06,0.6527,0.65,0.4641,0.1859,5046
2021,10,2020,10/19/2020,20492,100459,100459LL20LW89,2743398,208806,22380,41005,208768,10/9/2020,100459,LW89,86.79,100459,1350,1350,2.86,0.1199,0.06,0.5362,0.54,0.3996,0.1404,5046
2021,10,2020,10/14/2020,1145,100057,100057 VG96,1165354-0,208660,3225,INV-164804,208856,10/8/2020,100057,VG96,1290,100057,40200,40200,0.21,1,0.03,0.0321,0.03,0.024,0.006,5046
2021,10,2020,10/26/2020,13066,100397,100397VA01 VA04,2548375,209033,17245,94302530,208749,10/8/2020,100397,VA01,920,100397,2940,420,1.57,1,0.31,0.3129,0.31,0.2738,0.0362,5046
2021,10,2020,10/26/2020,13066,100397,100397VA01 VA04,2548375,209033,17245,94302530,208749,10/8/2020,100397,VA04,920,100397,2940,2940,1.57,1,0.31,0.3129,0.31,0.2825,0.0275,5046
2021,10,2020,10/26/2020,1004,100349,100349WO02WM78,13504988,209029,20887,28294,208931,10/7/2020,100349,WM78,141.55,100349,53000,53000,0.04,1,0,0.0027,0,0.0025,-0.0025,5046
2021,10,2020,10/26/2020,1004,100349,100349WO02WM78,13504988,209029,20887,28294,208931,10/7/2020,100349,WO02,141.55,100349,53000,4725,0.15,1,0,0.0027,0,0.0208,-0.0208,5046
2021,10,2020,10/21/2020,1145,100119,100119 VG96,1167086,208938,3225,INV-164334,208706,10/6/2020,100119,VG96,1290,100119,40200,40200,0.21,1,0.03,0.0321,0.03,0.024,0.006,5046
2021,10,2020,10/14/2020,20492,100209,100209 LC07,2734055,208667,20440,91159187,208588,10/6/2020,100209,LC07,111.37,100209,2800,2800,5.47,0.1309,0.04,0.3039,0.3,0.3039,-0.0039,5046
2021,10,2020,10/19/2020,1552,100326,100326 LB52,7083906852,208786,3127,559IL00379,208705,10/6/2020,100326,LB52,203.35,100326,450,450,2.83,0.116,0.45,3.8956,3.9,3.8602,0.0398,5046
2021,10,2020,10/14/2020,20492,100369,100369 LD10,2732888,208668,24043,173995,208600,10/6/2020,100369,LD10,76.54,100369,1800,1800,1.37,0.1153,0.04,0.3688,0.37,0.3637,0.0063,5046
2021,10,2020,10/21/2020,1145,100118,100118 VG96,1166788,208937,3225,INV-163854,208708,10/5/2020,100118,VG96,1290,100118,40200,40200,0.21,1,0.03,0.0321,0.03,0.024,0.006,5046
2021,10,2020,11/4/2020,20492,100263,100263 VG96,2719017,209388,17217,209001,208584,10/2/2020,100263,VG96,900,100263,393300,2010,0.26,1,0,0.0023,0,0.024,-0.024,5046
2021,10,2020,11/4/2020,20492,100263,100263 VG96,2719017,209388,17217,209001,208584,10/2/2020,100263,WM123,900,100263,393300,393300,0.18,1,0,0.0023,0,0.0023,-0.0023,5046
2021,10,2020,10/19/2020,20492,100337,100337UC09 TC07,2731341,208807,2023,472802,208855,10/2/2020,100337,TC07,152.93,100337,100,100,14.35,1,1.53,1.5293,1.53,1.6225,-0.0925,5046
2021,10,2020,10/14/2020,20492,100321,"100,321,100,337",2728661,208676,2023,468554,208566,10/1/2020,100321,UC04,114.56,100321,36,36,9.27,1,3.18,3.1822,3.18,1.9644,1.2156,5046
2021,10,2020,10/19/2020,20492,100337,100337UC09 TC07,2731341,208807,2023,468553,208700,10/1/2020,100337,UC09,152.93,100337,112,112,7.71,1,1.37,1.3654,1.37,0.8993,0.4707,5046
